Condition,Time_s,RobotX,RobotY,HumanX,HumanY,SeparationDistance,RequiredDistance,RiskLevel,Friction_mu,Temp_C,SensorDeg_eta
COND-A,0,10.00,50.00,80.00,50.00,70.00,4.59,SAFE,1,25,0
COND-A,0.1,10.15,50.00,79.88,50.00,69.73,6.07,SAFE,1,25,0
COND-A,0.2,10.30,50.00,79.76,50.00,69.46,6.07,SAFE,1,25,0
COND-A,0.3,10.45,50.00,79.64,50.00,69.19,6.07,SAFE,1,25,0
COND-A,0.4,10.60,50.00,79.52,50.00,68.92,6.07,SAFE,1,25,0
COND-A,0.5,10.75,50.00,79.40,50.00,68.65,6.07,SAFE,1,25,0
COND-A,0.6,10.90,50.00,79.28,50.00,68.38,6.07,SAFE,1,25,0
COND-A,0.7,11.05,50.00,79.16,50.00,68.11,6.07,SAFE,1,25,0
COND-A,0.8,11.20,50.00,79.04,50.00,67.84,6.07,SAFE,1,25,0
COND-A,0.9,11.35,50.00,78.92,50.00,67.57,6.07,SAFE,1,25,0
COND-A,1,11.50,50.00,78.80,50.00,67.30,6.07,SAFE,1,25,0
COND-A,1.1,11.65,50.00,78.68,50.00,67.03,6.07,SAFE,1,25,0
COND-A,1.2,11.80,50.00,78.56,50.00,66.76,6.07,SAFE,1,25,0
COND-A,1.3,11.95,50.00,78.44,50.00,66.49,6.07,SAFE,1,25,0
COND-A,1.4,12.10,50.00,78.32,50.00,66.22,6.07,SAFE,1,25,0
COND-A,1.5,12.25,50.00,78.20,50.00,65.95,6.07,SAFE,1,25,0
COND-A,1.6,12.40,50.00,78.08,50.00,65.68,6.07,SAFE,1,25,0
COND-A,1.7,12.55,50.00,77.96,50.00,65.41,6.07,SAFE,1,25,0
COND-A,1.8,12.70,50.00,77.84,50.00,65.14,6.07,SAFE,1,25,0
COND-A,1.9,12.85,50.00,77.72,50.00,64.87,6.07,SAFE,1,25,0
COND-A,2,13.00,50.00,77.60,50.00,64.60,6.07,SAFE,1,25,0
COND-A,2.1,13.15,50.00,77.48,50.00,64.33,6.07,SAFE,1,25,0
COND-A,2.2,13.30,50.00,77.36,50.00,64.06,6.07,SAFE,1,25,0
COND-A,2.3,13.45,50.00,77.24,50.00,63.79,6.07,SAFE,1,25,0
COND-A,2.4,13.60,50.00,77.12,50.00,63.52,6.07,SAFE,1,25,0
COND-A,2.5,13.75,50.00,77.00,50.00,63.25,6.07,SAFE,1,25,0
COND-A,2.6,13.90,50.00,76.88,50.00,62.98,6.07,SAFE,1,25,0
COND-A,2.7,14.05,50.00,76.76,50.00,62.71,6.07,SAFE,1,25,0
COND-A,2.8,14.20,50.00,76.64,50.00,62.44,6.07,SAFE,1,25,0
COND-A,2.9,14.35,50.00,76.52,50.00,62.17,6.07,SAFE,1,25,0
COND-A,3,14.50,50.00,76.40,50.00,61.90,6.07,SAFE,1,25,0
COND-A,3.1,14.65,50.00,76.28,50.00,61.63,6.07,SAFE,1,25,0
COND-A,3.2,14.80,50.00,76.16,50.00,61.36,6.07,SAFE,1,25,0
COND-A,3.3,14.95,50.00,76.04,50.00,61.09,6.07,SAFE,1,25,0
COND-A,3.4,15.10,50.00,75.92,50.00,60.82,6.07,SAFE,1,25,0
COND-A,3.5,15.25,50.00,75.80,50.00,60.55,6.07,SAFE,1,25,0
COND-A,3.6,15.40,50.00,75.68,50.00,60.28,6.07,SAFE,1,25,0
COND-A,3.7,15.55,50.00,75.56,50.00,60.01,6.07,SAFE,1,25,0
COND-A,3.8,15.70,50.00,75.44,50.00,59.74,6.07,SAFE,1,25,0
COND-A,3.9,15.85,50.00,75.32,50.00,59.47,6.07,SAFE,1,25,0
COND-A,4,16.00,50.00,75.20,50.00,59.20,6.07,SAFE,1,25,0
COND-A,4.1,16.15,50.00,75.08,50.00,58.93,6.07,SAFE,1,25,0
COND-A,4.2,16.30,50.00,74.96,50.00,58.66,6.07,SAFE,1,25,0
COND-A,4.3,16.45,50.00,74.84,50.00,58.39,6.07,SAFE,1,25,0
COND-A,4.4,16.60,50.00,74.72,50.00,58.12,6.07,SAFE,1,25,0
COND-A,4.5,16.75,50.00,74.60,50.00,57.85,6.07,SAFE,1,25,0
COND-A,4.6,16.90,50.00,74.48,50.00,57.58,6.07,SAFE,1,25,0
COND-A,4.7,17.05,50.00,74.36,50.00,57.31,6.07,SAFE,1,25,0
COND-A,4.8,17.20,50.00,74.24,50.00,57.04,6.07,SAFE,1,25,0
COND-A,4.9,17.35,50.00,74.12,50.00,56.77,6.07,SAFE,1,25,0
COND-A,5,17.50,50.00,74.00,50.00,56.50,6.07,SAFE,1,25,0
COND-A,5.1,17.65,50.00,73.88,50.00,56.23,6.07,SAFE,1,25,0
COND-A,5.2,17.80,50.00,73.76,50.00,55.96,6.07,SAFE,1,25,0
COND-A,5.3,17.95,50.00,73.64,50.00,55.69,6.07,SAFE,1,25,0
COND-A,5.4,18.10,50.00,73.52,50.00,55.42,6.07,SAFE,1,25,0
COND-A,5.5,18.25,50.00,73.40,50.00,55.15,6.07,SAFE,1,25,0
COND-A,5.6,18.40,50.00,73.28,50.00,54.88,6.07,SAFE,1,25,0
COND-A,5.7,18.55,50.00,73.16,50.00,54.61,6.07,SAFE,1,25,0
COND-A,5.8,18.70,50.00,73.04,50.00,54.34,6.07,SAFE,1,25,0
COND-A,5.9,18.85,50.00,72.92,50.00,54.07,6.07,SAFE,1,25,0
COND-A,6,19.00,50.00,72.80,50.00,53.80,6.07,SAFE,1,25,0
COND-A,6.1,19.15,50.00,72.68,50.00,53.53,6.07,SAFE,1,25,0
COND-A,6.2,19.30,50.00,72.56,50.00,53.26,6.07,SAFE,1,25,0
COND-A,6.3,19.45,50.00,72.44,50.00,52.99,6.07,SAFE,1,25,0
COND-A,6.4,19.60,50.00,72.32,50.00,52.72,6.07,SAFE,1,25,0
COND-A,6.5,19.75,50.00,72.20,50.00,52.45,6.07,SAFE,1,25,0
COND-A,6.6,19.90,50.00,72.08,50.00,52.18,6.07,SAFE,1,25,0
COND-A,6.7,20.05,50.00,71.96,50.00,51.91,6.07,SAFE,1,25,0
COND-A,6.8,20.20,50.00,71.84,50.00,51.64,6.07,SAFE,1,25,0
COND-A,6.9,20.35,50.00,71.72,50.00,51.37,6.07,SAFE,1,25,0
COND-A,7,20.50,50.00,71.60,50.00,51.10,6.07,SAFE,1,25,0
COND-A,7.1,20.65,50.00,71.48,50.00,50.83,6.07,SAFE,1,25,0
COND-A,7.2,20.80,50.00,71.36,50.00,50.56,6.07,SAFE,1,25,0
COND-A,7.3,20.95,50.00,71.24,50.00,50.29,6.07,SAFE,1,25,0
COND-A,7.4,21.10,50.00,71.12,50.00,50.02,6.07,SAFE,1,25,0
COND-A,7.5,21.25,50.00,71.00,50.00,49.75,6.07,SAFE,1,25,0
COND-A,7.6,21.40,50.00,70.88,50.00,49.48,6.07,SAFE,1,25,0
COND-A,7.7,21.55,50.00,70.76,50.00,49.21,6.07,SAFE,1,25,0
COND-A,7.8,21.70,50.00,70.64,50.00,48.94,6.07,SAFE,1,25,0
COND-A,7.9,21.85,50.00,70.52,50.00,48.67,6.07,SAFE,1,25,0
COND-A,8,22.00,50.00,70.40,50.00,48.40,6.07,SAFE,1,25,0
COND-A,8.1,22.15,50.00,70.28,50.00,48.13,6.07,SAFE,1,25,0
COND-A,8.2,22.30,50.00,70.16,50.00,47.86,6.07,SAFE,1,25,0
COND-A,8.3,22.45,50.00,70.04,50.00,47.59,6.07,SAFE,1,25,0
COND-A,8.4,22.60,50.00,69.92,50.00,47.32,6.07,SAFE,1,25,0
COND-A,8.5,22.75,50.00,69.80,50.00,47.05,6.07,SAFE,1,25,0
COND-A,8.6,22.90,50.00,69.68,50.00,46.78,6.07,SAFE,1,25,0
COND-A,8.7,23.05,50.00,69.56,50.00,46.51,6.07,SAFE,1,25,0
COND-A,8.8,23.20,50.00,69.44,50.00,46.24,6.07,SAFE,1,25,0
COND-A,8.9,23.35,50.00,69.32,50.00,45.97,6.07,SAFE,1,25,0
COND-A,9,23.50,50.00,69.20,50.00,45.70,6.07,SAFE,1,25,0
COND-A,9.1,23.65,50.00,69.08,50.00,45.43,6.07,SAFE,1,25,0
COND-A,9.2,23.80,50.00,68.96,50.00,45.16,6.07,SAFE,1,25,0
COND-A,9.3,23.95,50.00,68.84,50.00,44.89,6.07,SAFE,1,25,0
COND-A,9.4,24.10,50.00,68.72,50.00,44.62,6.07,SAFE,1,25,0
COND-A,9.5,24.25,50.00,68.60,50.00,44.35,6.07,SAFE,1,25,0
COND-A,9.6,24.40,50.00,68.48,50.00,44.08,6.07,SAFE,1,25,0
COND-A,9.7,24.55,50.00,68.36,50.00,43.81,6.07,SAFE,1,25,0
COND-A,9.8,24.70,50.00,68.24,50.00,43.54,6.07,SAFE,1,25,0
COND-A,9.9,24.85,50.00,68.12,50.00,43.27,6.07,SAFE,1,25,0
COND-A,10,25.00,50.00,68.00,50.00,43.00,6.07,SAFE,1,25,0
COND-A,10.1,25.15,50.00,67.88,50.00,42.73,6.07,SAFE,1,25,0
COND-A,10.2,25.30,50.00,67.76,50.00,42.46,6.07,SAFE,1,25,0
COND-A,10.3,25.45,50.00,67.64,50.00,42.19,6.07,SAFE,1,25,0
COND-A,10.4,25.60,50.00,67.52,50.00,41.92,6.07,SAFE,1,25,0
COND-A,10.5,25.75,50.00,67.40,50.00,41.65,6.07,SAFE,1,25,0
COND-A,10.6,25.90,50.00,67.28,50.00,41.38,6.07,SAFE,1,25,0
COND-A,10.7,26.05,50.00,67.16,50.00,41.11,6.07,SAFE,1,25,0
COND-A,10.8,26.20,50.00,67.04,50.00,40.84,6.07,SAFE,1,25,0
COND-A,10.9,26.35,50.00,66.92,50.00,40.57,6.07,SAFE,1,25,0
COND-A,11,26.50,50.00,66.80,50.00,40.30,6.07,SAFE,1,25,0
COND-A,11.1,26.65,50.00,66.68,50.00,40.03,6.07,SAFE,1,25,0
COND-A,11.2,26.80,50.00,66.56,50.00,39.76,6.07,SAFE,1,25,0
COND-A,11.3,26.95,50.00,66.44,50.00,39.49,6.07,SAFE,1,25,0
COND-A,11.4,27.10,50.00,66.32,50.00,39.22,6.07,SAFE,1,25,0
COND-A,11.5,27.25,50.00,66.20,50.00,38.95,6.07,SAFE,1,25,0
COND-A,11.6,27.40,50.00,66.08,50.00,38.68,6.07,SAFE,1,25,0
COND-A,11.7,27.55,50.00,65.96,50.00,38.41,6.07,SAFE,1,25,0
COND-A,11.8,27.70,50.00,65.84,50.00,38.14,6.07,SAFE,1,25,0
COND-A,11.9,27.85,50.00,65.72,50.00,37.87,6.07,SAFE,1,25,0
COND-A,12,28.00,50.00,65.60,50.00,37.60,6.07,SAFE,1,25,0
COND-A,12.1,28.15,50.00,65.48,50.00,37.33,6.07,SAFE,1,25,0
COND-A,12.2,28.30,50.00,65.36,50.00,37.06,6.07,SAFE,1,25,0
COND-A,12.3,28.45,50.00,65.24,50.00,36.79,6.07,SAFE,1,25,0
COND-A,12.4,28.60,50.00,65.12,50.00,36.52,6.07,SAFE,1,25,0
COND-A,12.5,28.75,50.00,65.00,50.00,36.25,6.07,SAFE,1,25,0
COND-A,12.6,28.90,50.00,64.88,50.00,35.98,6.07,SAFE,1,25,0
COND-A,12.7,29.05,50.00,64.76,50.00,35.71,6.07,SAFE,1,25,0
COND-A,12.8,29.20,50.00,64.64,50.00,35.44,6.07,SAFE,1,25,0
COND-A,12.9,29.35,50.00,64.52,50.00,35.17,6.07,SAFE,1,25,0
COND-A,13,29.50,50.00,64.40,50.00,34.90,6.07,SAFE,1,25,0
COND-A,13.1,29.65,50.00,64.28,50.00,34.63,6.07,SAFE,1,25,0
COND-A,13.2,29.80,50.00,64.16,50.00,34.36,6.07,SAFE,1,25,0
COND-A,13.3,29.95,50.00,64.04,50.00,34.09,6.07,SAFE,1,25,0
COND-A,13.4,30.10,50.00,63.92,50.00,33.82,6.07,SAFE,1,25,0
COND-A,13.5,30.25,50.00,63.80,50.00,33.55,6.07,SAFE,1,25,0
COND-A,13.6,30.40,50.00,63.68,50.00,33.28,6.07,SAFE,1,25,0
COND-A,13.7,30.55,50.00,63.56,50.00,33.01,6.07,SAFE,1,25,0
COND-A,13.8,30.70,50.00,63.44,50.00,32.74,6.07,SAFE,1,25,0
COND-A,13.9,30.85,50.00,63.32,50.00,32.47,6.07,SAFE,1,25,0
COND-A,14,31.00,50.00,63.20,50.00,32.20,6.07,SAFE,1,25,0
COND-A,14.1,31.15,50.00,63.08,50.00,31.93,6.07,SAFE,1,25,0
COND-A,14.2,31.30,50.00,62.96,50.00,31.66,6.07,SAFE,1,25,0
COND-A,14.3,31.45,50.00,62.84,50.00,31.39,6.07,SAFE,1,25,0
COND-A,14.4,31.60,50.00,62.72,50.00,31.12,6.07,SAFE,1,25,0
COND-A,14.5,31.75,50.00,62.60,50.00,30.85,6.07,SAFE,1,25,0
COND-A,14.6,31.90,50.00,62.48,50.00,30.58,6.07,SAFE,1,25,0
COND-A,14.7,32.05,50.00,62.36,50.00,30.31,6.07,SAFE,1,25,0
COND-A,14.8,32.20,50.00,62.24,50.00,30.04,6.07,SAFE,1,25,0
COND-A,14.9,32.35,50.00,62.12,50.00,29.77,6.07,SAFE,1,25,0
COND-A,15,32.50,50.00,62.00,50.00,29.50,6.07,SAFE,1,25,0
COND-A,15.1,32.65,50.00,61.88,50.00,29.23,6.07,SAFE,1,25,0
COND-A,15.2,32.80,50.00,61.76,50.00,28.96,6.07,SAFE,1,25,0
COND-A,15.3,32.95,50.00,61.64,50.00,28.69,6.07,SAFE,1,25,0
COND-A,15.4,33.10,50.00,61.52,50.00,28.42,6.07,SAFE,1,25,0
COND-A,15.5,33.25,50.00,61.40,50.00,28.15,6.07,SAFE,1,25,0
COND-A,15.6,33.40,50.00,61.28,50.00,27.88,6.07,SAFE,1,25,0
COND-A,15.7,33.55,50.00,61.16,50.00,27.61,6.07,SAFE,1,25,0
COND-A,15.8,33.70,50.00,61.04,50.00,27.34,6.07,SAFE,1,25,0
COND-A,15.9,33.85,50.00,60.92,50.00,27.07,6.07,SAFE,1,25,0
COND-A,16,34.00,50.00,60.80,50.00,26.80,6.07,SAFE,1,25,0
COND-A,16.1,34.15,50.00,60.68,50.00,26.53,6.07,SAFE,1,25,0
COND-A,16.2,34.30,50.00,60.56,50.00,26.26,6.07,SAFE,1,25,0
COND-A,16.3,34.45,50.00,60.44,50.00,25.99,6.07,SAFE,1,25,0
COND-A,16.4,34.60,50.00,60.32,50.00,25.72,6.07,SAFE,1,25,0
COND-A,16.5,34.75,50.00,60.20,50.00,25.45,6.07,SAFE,1,25,0
COND-A,16.6,34.90,50.00,60.08,50.00,25.18,6.07,SAFE,1,25,0
COND-A,16.7,35.00,50.00,59.96,50.00,24.96,6.07,SAFE,1,25,0
COND-A,16.8,35.15,50.00,59.84,50.00,24.69,6.07,SAFE,1,25,0
COND-A,16.9,35.30,50.00,59.72,50.00,24.42,6.07,SAFE,1,25,0
COND-A,17,35.45,50.00,59.60,50.00,24.15,6.07,SAFE,1,25,0
COND-A,17.1,35.60,50.00,59.48,50.00,23.88,6.07,SAFE,1,25,0
COND-A,17.2,35.75,50.00,59.36,50.00,23.61,6.07,SAFE,1,25,0
COND-A,17.3,35.90,50.00,59.24,50.00,23.34,6.07,SAFE,1,25,0
COND-A,17.4,36.05,50.00,59.12,50.00,23.07,6.07,SAFE,1,25,0
COND-A,17.5,36.20,50.00,59.00,50.00,22.80,6.07,SAFE,1,25,0
COND-A,17.6,36.35,50.00,58.88,50.00,22.53,6.07,SAFE,1,25,0
COND-A,17.7,36.50,50.00,58.76,50.00,22.26,6.07,SAFE,1,25,0
COND-A,17.8,36.65,50.00,58.64,50.00,21.99,6.07,SAFE,1,25,0
COND-A,17.9,36.80,50.00,58.52,50.00,21.72,6.07,SAFE,1,25,0
COND-A,18,36.95,50.00,58.40,50.00,21.45,6.07,SAFE,1,25,0
COND-A,18.1,37.10,50.00,58.28,50.00,21.18,6.07,SAFE,1,25,0
COND-A,18.2,37.25,50.00,58.16,50.00,20.91,6.07,SAFE,1,25,0
COND-A,18.3,37.40,50.00,58.04,50.00,20.64,6.07,SAFE,1,25,0
COND-A,18.4,37.55,50.00,57.92,50.00,20.37,6.07,SAFE,1,25,0
COND-A,18.5,37.70,50.00,57.80,50.00,20.10,6.07,SAFE,1,25,0
COND-A,18.6,37.85,50.00,57.68,50.00,19.83,6.07,SAFE,1,25,0
COND-A,18.7,38.00,50.00,57.56,50.00,19.56,6.07,SAFE,1,25,0
COND-A,18.8,38.15,50.00,57.44,50.00,19.29,6.07,SAFE,1,25,0
COND-A,18.9,38.30,50.00,57.32,50.00,19.02,6.07,SAFE,1,25,0
COND-A,19,38.45,50.00,57.20,50.00,18.75,6.07,SAFE,1,25,0
COND-A,19.1,38.60,50.00,57.08,50.00,18.48,6.07,SAFE,1,25,0
COND-A,19.2,38.75,50.00,56.96,50.00,18.21,6.07,SAFE,1,25,0
COND-A,19.3,38.90,50.00,56.84,50.00,17.94,6.07,SAFE,1,25,0
COND-A,19.4,39.05,50.00,56.72,50.00,17.67,6.07,SAFE,1,25,0
COND-A,19.5,39.20,50.00,56.60,50.00,17.40,6.07,SAFE,1,25,0
COND-A,19.6,39.35,50.00,56.48,50.00,17.13,6.07,SAFE,1,25,0
COND-A,19.7,39.50,50.00,56.36,50.00,16.86,6.07,SAFE,1,25,0
COND-A,19.8,39.65,50.00,56.24,50.00,16.59,6.07,SAFE,1,25,0
COND-A,19.9,39.80,50.00,56.12,50.00,16.32,6.07,SAFE,1,25,0
COND-A,20,39.95,50.00,56.00,50.00,16.05,6.07,SAFE,1,25,0
COND-A,20.1,40.10,50.00,55.88,50.00,15.78,6.07,SAFE,1,25,0
COND-A,20.2,40.25,50.00,55.76,50.00,15.51,6.07,SAFE,1,25,0
COND-A,20.3,40.40,50.00,55.64,50.00,15.24,6.07,SAFE,1,25,0
COND-A,20.4,40.55,50.00,55.52,50.00,14.97,6.07,SAFE,1,25,0
COND-A,20.5,40.70,50.00,55.40,50.00,14.70,6.07,SAFE,1,25,0
COND-A,20.6,40.85,50.00,55.28,50.00,14.43,6.07,SAFE,1,25,0
COND-A,20.7,41.00,50.00,55.16,50.00,14.16,6.07,SAFE,1,25,0
COND-A,20.8,41.15,50.00,55.04,50.00,13.89,6.07,SAFE,1,25,0
COND-A,20.9,41.30,50.00,55.00,50.00,13.70,6.07,SAFE,1,25,0
COND-A,21,41.45,50.00,54.88,50.00,13.43,6.07,SAFE,1,25,0
COND-A,21.1,41.60,50.00,54.76,50.00,13.16,6.07,SAFE,1,25,0
COND-A,21.2,41.75,50.00,54.64,50.00,12.89,6.07,SAFE,1,25,0
COND-A,21.3,41.90,50.00,54.52,50.00,12.62,6.07,SAFE,1,25,0
COND-A,21.4,42.05,50.00,54.40,50.00,12.35,6.07,SAFE,1,25,0
COND-A,21.5,42.20,50.00,54.28,50.00,12.08,6.07,SAFE,1,25,0
COND-A,21.6,42.35,50.00,54.16,50.00,11.81,6.07,SAFE,1,25,0
COND-A,21.7,42.50,50.00,54.04,50.00,11.54,6.07,SAFE,1,25,0
COND-A,21.8,42.65,50.00,53.92,50.00,11.27,6.07,SAFE,1,25,0
COND-A,21.9,42.80,50.00,53.80,50.00,11.00,6.07,SAFE,1,25,0
COND-A,22,42.95,50.00,53.68,50.00,10.73,6.07,SAFE,1,25,0
COND-A,22.1,43.10,50.00,53.56,50.00,10.46,6.07,SAFE,1,25,0
COND-A,22.2,43.25,50.00,53.44,50.00,10.19,6.07,SAFE,1,25,0
COND-A,22.3,43.40,50.00,53.32,50.00,9.92,6.07,SAFE,1,25,0
COND-A,22.4,43.55,50.00,53.20,50.00,9.65,6.07,SAFE,1,25,0
COND-A,22.5,43.70,50.00,53.08,50.00,9.38,6.07,SAFE,1,25,0
COND-A,22.6,43.85,50.00,52.96,50.00,9.11,6.07,SAFE,1,25,0
COND-A,22.7,44.00,50.00,52.84,50.00,8.84,6.07,SAFE,1,25,0
COND-A,22.8,44.15,50.00,52.72,50.00,8.57,6.07,SAFE,1,25,0
COND-A,22.9,44.30,50.00,52.60,50.00,8.30,6.07,SAFE,1,25,0
COND-A,23,44.45,50.00,52.48,50.00,8.03,6.07,SAFE,1,25,0
COND-A,23.1,44.60,50.00,52.36,50.00,7.76,6.07,SAFE,1,25,0
COND-A,23.2,44.75,50.00,52.24,50.00,7.49,6.07,SAFE,1,25,0
COND-A,23.3,44.90,50.00,52.12,50.00,7.22,6.07,SAFE,1,25,0
COND-A,23.4,45.05,50.00,52.00,50.00,6.95,6.07,SAFE,1,25,0
COND-A,23.5,45.20,50.00,51.88,50.00,6.68,6.07,SAFE,1,25,0
COND-A,23.6,45.35,50.00,51.76,50.00,6.41,6.07,SAFE,1,25,0
COND-A,23.7,45.50,50.00,51.64,50.00,6.14,6.07,SAFE,1,25,0
COND-A,23.8,45.65,50.00,51.52,50.00,5.87,6.07,WARNING,1,25,0
COND-A,23.9,45.80,50.00,51.40,50.00,5.60,6.07,WARNING,1,25,0
COND-A,24,45.95,50.00,51.28,50.00,5.33,6.07,WARNING,1,25,0
COND-A,24.1,46.10,50.00,51.16,50.00,5.06,6.07,WARNING,1,25,0
COND-A,24.2,46.25,50.00,51.04,50.00,4.79,6.07,WARNING,1,25,0
COND-A,24.3,46.40,50.00,50.92,50.00,4.52,6.07,WARNING,1,25,0
COND-A,24.4,46.55,50.00,50.80,50.00,4.25,6.07,WARNING,1,25,0
COND-A,24.5,46.70,50.00,50.68,50.00,3.98,6.07,WARNING,1,25,0
COND-A,24.6,46.85,50.00,50.56,50.00,3.71,6.07,WARNING,1,25,0
COND-A,24.7,47.00,50.00,50.44,50.00,3.44,6.07,WARNING,1,25,0
COND-A,24.8,47.15,50.00,50.32,50.00,3.17,6.07,UNSAFE,1,25,0
COND-A,24.9,47.30,50.00,50.20,50.00,2.90,6.07,UNSAFE,1,25,0
COND-B,0,10.00,50.00,80.00,50.00,70.00,5.54,SAFE,0.65,28,0.05
COND-B,0.1,10.15,50.00,79.88,50.00,69.73,7.38,SAFE,0.65,28,0.05
COND-B,0.2,10.30,50.00,79.76,50.00,69.46,7.38,SAFE,0.65,28,0.05
COND-B,0.3,10.45,50.00,79.64,50.00,69.19,7.38,SAFE,0.65,28,0.05
COND-B,0.4,10.60,50.00,79.52,50.00,68.92,7.38,SAFE,0.65,28,0.05
COND-B,0.5,10.75,50.00,79.40,50.00,68.65,7.38,SAFE,0.65,28,0.05
COND-B,0.6,10.90,50.00,79.28,50.00,68.38,7.38,SAFE,0.65,28,0.05
COND-B,0.7,11.05,50.00,79.16,50.00,68.11,7.38,SAFE,0.65,28,0.05
COND-B,0.8,11.20,50.00,79.04,50.00,67.84,7.38,SAFE,0.65,28,0.05
COND-B,0.9,11.35,50.00,78.92,50.00,67.57,7.38,SAFE,0.65,28,0.05
COND-B,1,11.50,50.00,78.80,50.00,67.30,7.38,SAFE,0.65,28,0.05
COND-B,1.1,11.65,50.00,78.68,50.00,67.03,7.38,SAFE,0.65,28,0.05
COND-B,1.2,11.80,50.00,78.56,50.00,66.76,7.38,SAFE,0.65,28,0.05
COND-B,1.3,11.95,50.00,78.44,50.00,66.49,7.38,SAFE,0.65,28,0.05
COND-B,1.4,12.10,50.00,78.32,50.00,66.22,7.38,SAFE,0.65,28,0.05
COND-B,1.5,12.25,50.00,78.20,50.00,65.95,7.38,SAFE,0.65,28,0.05
COND-B,1.6,12.40,50.00,78.08,50.00,65.68,7.38,SAFE,0.65,28,0.05
COND-B,1.7,12.55,50.00,77.96,50.00,65.41,7.38,SAFE,0.65,28,0.05
COND-B,1.8,12.70,50.00,77.84,50.00,65.14,7.38,SAFE,0.65,28,0.05
COND-B,1.9,12.85,50.00,77.72,50.00,64.87,7.38,SAFE,0.65,28,0.05
COND-B,2,13.00,50.00,77.60,50.00,64.60,7.38,SAFE,0.65,28,0.05
COND-B,2.1,13.15,50.00,77.48,50.00,64.33,7.38,SAFE,0.65,28,0.05
COND-B,2.2,13.30,50.00,77.36,50.00,64.06,7.38,SAFE,0.65,28,0.05
COND-B,2.3,13.45,50.00,77.24,50.00,63.79,7.38,SAFE,0.65,28,0.05
COND-B,2.4,13.60,50.00,77.12,50.00,63.52,7.38,SAFE,0.65,28,0.05
COND-B,2.5,13.75,50.00,77.00,50.00,63.25,7.38,SAFE,0.65,28,0.05
COND-B,2.6,13.90,50.00,76.88,50.00,62.98,7.38,SAFE,0.65,28,0.05
COND-B,2.7,14.05,50.00,76.76,50.00,62.71,7.38,SAFE,0.65,28,0.05
COND-B,2.8,14.20,50.00,76.64,50.00,62.44,7.38,SAFE,0.65,28,0.05
COND-B,2.9,14.35,50.00,76.52,50.00,62.17,7.38,SAFE,0.65,28,0.05
COND-B,3,14.50,50.00,76.40,50.00,61.90,7.38,SAFE,0.65,28,0.05
COND-B,3.1,14.65,50.00,76.28,50.00,61.63,7.38,SAFE,0.65,28,0.05
COND-B,3.2,14.80,50.00,76.16,50.00,61.36,7.38,SAFE,0.65,28,0.05
COND-B,3.3,14.95,50.00,76.04,50.00,61.09,7.38,SAFE,0.65,28,0.05
COND-B,3.4,15.10,50.00,75.92,50.00,60.82,7.38,SAFE,0.65,28,0.05
COND-B,3.5,15.25,50.00,75.80,50.00,60.55,7.38,SAFE,0.65,28,0.05
COND-B,3.6,15.40,50.00,75.68,50.00,60.28,7.38,SAFE,0.65,28,0.05
COND-B,3.7,15.55,50.00,75.56,50.00,60.01,7.38,SAFE,0.65,28,0.05
COND-B,3.8,15.70,50.00,75.44,50.00,59.74,7.38,SAFE,0.65,28,0.05
COND-B,3.9,15.85,50.00,75.32,50.00,59.47,7.38,SAFE,0.65,28,0.05
COND-B,4,16.00,50.00,75.20,50.00,59.20,7.38,SAFE,0.65,28,0.05
COND-B,4.1,16.15,50.00,75.08,50.00,58.93,7.38,SAFE,0.65,28,0.05
COND-B,4.2,16.30,50.00,74.96,50.00,58.66,7.38,SAFE,0.65,28,0.05
COND-B,4.3,16.45,50.00,74.84,50.00,58.39,7.38,SAFE,0.65,28,0.05
COND-B,4.4,16.60,50.00,74.72,50.00,58.12,7.38,SAFE,0.65,28,0.05
COND-B,4.5,16.75,50.00,74.60,50.00,57.85,7.38,SAFE,0.65,28,0.05
COND-B,4.6,16.90,50.00,74.48,50.00,57.58,7.38,SAFE,0.65,28,0.05
COND-B,4.7,17.05,50.00,74.36,50.00,57.31,7.38,SAFE,0.65,28,0.05
COND-B,4.8,17.20,50.00,74.24,50.00,57.04,7.38,SAFE,0.65,28,0.05
COND-B,4.9,17.35,50.00,74.12,50.00,56.77,7.38,SAFE,0.65,28,0.05
COND-B,5,17.50,50.00,74.00,50.00,56.50,7.38,SAFE,0.65,28,0.05
COND-B,5.1,17.65,50.00,73.88,50.00,56.23,7.38,SAFE,0.65,28,0.05
COND-B,5.2,17.80,50.00,73.76,50.00,55.96,7.38,SAFE,0.65,28,0.05
COND-B,5.3,17.95,50.00,73.64,50.00,55.69,7.38,SAFE,0.65,28,0.05
COND-B,5.4,18.10,50.00,73.52,50.00,55.42,7.38,SAFE,0.65,28,0.05
COND-B,5.5,18.25,50.00,73.40,50.00,55.15,7.38,SAFE,0.65,28,0.05
COND-B,5.6,18.40,50.00,73.28,50.00,54.88,7.38,SAFE,0.65,28,0.05
COND-B,5.7,18.55,50.00,73.16,50.00,54.61,7.38,SAFE,0.65,28,0.05
COND-B,5.8,18.70,50.00,73.04,50.00,54.34,7.38,SAFE,0.65,28,0.05
COND-B,5.9,18.85,50.00,72.92,50.00,54.07,7.38,SAFE,0.65,28,0.05
COND-B,6,19.00,50.00,72.80,50.00,53.80,7.38,SAFE,0.65,28,0.05
COND-B,6.1,19.15,50.00,72.68,50.00,53.53,7.38,SAFE,0.65,28,0.05
COND-B,6.2,19.30,50.00,72.56,50.00,53.26,7.38,SAFE,0.65,28,0.05
COND-B,6.3,19.45,50.00,72.44,50.00,52.99,7.38,SAFE,0.65,28,0.05
COND-B,6.4,19.60,50.00,72.32,50.00,52.72,7.38,SAFE,0.65,28,0.05
COND-B,6.5,19.75,50.00,72.20,50.00,52.45,7.38,SAFE,0.65,28,0.05
COND-B,6.6,19.90,50.00,72.08,50.00,52.18,7.38,SAFE,0.65,28,0.05
COND-B,6.7,20.05,50.00,71.96,50.00,51.91,7.38,SAFE,0.65,28,0.05
COND-B,6.8,20.20,50.00,71.84,50.00,51.64,7.38,SAFE,0.65,28,0.05
COND-B,6.9,20.35,50.00,71.72,50.00,51.37,7.38,SAFE,0.65,28,0.05
COND-B,7,20.50,50.00,71.60,50.00,51.10,7.38,SAFE,0.65,28,0.05
COND-B,7.1,20.65,50.00,71.48,50.00,50.83,7.38,SAFE,0.65,28,0.05
COND-B,7.2,20.80,50.00,71.36,50.00,50.56,7.38,SAFE,0.65,28,0.05
COND-B,7.3,20.95,50.00,71.24,50.00,50.29,7.38,SAFE,0.65,28,0.05
COND-B,7.4,21.10,50.00,71.12,50.00,50.02,7.38,SAFE,0.65,28,0.05
COND-B,7.5,21.25,50.00,71.00,50.00,49.75,7.38,SAFE,0.65,28,0.05
COND-B,7.6,21.40,50.00,70.88,50.00,49.48,7.38,SAFE,0.65,28,0.05
COND-B,7.7,21.55,50.00,70.76,50.00,49.21,7.38,SAFE,0.65,28,0.05
COND-B,7.8,21.70,50.00,70.64,50.00,48.94,7.38,SAFE,0.65,28,0.05
COND-B,7.9,21.85,50.00,70.52,50.00,48.67,7.38,SAFE,0.65,28,0.05
COND-B,8,22.00,50.00,70.40,50.00,48.40,7.38,SAFE,0.65,28,0.05
COND-B,8.1,22.15,50.00,70.28,50.00,48.13,7.38,SAFE,0.65,28,0.05
COND-B,8.2,22.30,50.00,70.16,50.00,47.86,7.38,SAFE,0.65,28,0.05
COND-B,8.3,22.45,50.00,70.04,50.00,47.59,7.38,SAFE,0.65,28,0.05
COND-B,8.4,22.60,50.00,69.92,50.00,47.32,7.38,SAFE,0.65,28,0.05
COND-B,8.5,22.75,50.00,69.80,50.00,47.05,7.38,SAFE,0.65,28,0.05
COND-B,8.6,22.90,50.00,69.68,50.00,46.78,7.38,SAFE,0.65,28,0.05
COND-B,8.7,23.05,50.00,69.56,50.00,46.51,7.38,SAFE,0.65,28,0.05
COND-B,8.8,23.20,50.00,69.44,50.00,46.24,7.38,SAFE,0.65,28,0.05
COND-B,8.9,23.35,50.00,69.32,50.00,45.97,7.38,SAFE,0.65,28,0.05
COND-B,9,23.50,50.00,69.20,50.00,45.70,7.38,SAFE,0.65,28,0.05
COND-B,9.1,23.65,50.00,69.08,50.00,45.43,7.38,SAFE,0.65,28,0.05
COND-B,9.2,23.80,50.00,68.96,50.00,45.16,7.38,SAFE,0.65,28,0.05
COND-B,9.3,23.95,50.00,68.84,50.00,44.89,7.38,SAFE,0.65,28,0.05
COND-B,9.4,24.10,50.00,68.72,50.00,44.62,7.38,SAFE,0.65,28,0.05
COND-B,9.5,24.25,50.00,68.60,50.00,44.35,7.38,SAFE,0.65,28,0.05
COND-B,9.6,24.40,50.00,68.48,50.00,44.08,7.38,SAFE,0.65,28,0.05
COND-B,9.7,24.55,50.00,68.36,50.00,43.81,7.38,SAFE,0.65,28,0.05
COND-B,9.8,24.70,50.00,68.24,50.00,43.54,7.38,SAFE,0.65,28,0.05
COND-B,9.9,24.85,50.00,68.12,50.00,43.27,7.38,SAFE,0.65,28,0.05
COND-B,10,25.00,50.00,68.00,50.00,43.00,7.38,SAFE,0.65,28,0.05
COND-B,10.1,25.15,50.00,67.88,50.00,42.73,7.38,SAFE,0.65,28,0.05
COND-B,10.2,25.30,50.00,67.76,50.00,42.46,7.38,SAFE,0.65,28,0.05
COND-B,10.3,25.45,50.00,67.64,50.00,42.19,7.38,SAFE,0.65,28,0.05
COND-B,10.4,25.60,50.00,67.52,50.00,41.92,7.38,SAFE,0.65,28,0.05
COND-B,10.5,25.75,50.00,67.40,50.00,41.65,7.38,SAFE,0.65,28,0.05
COND-B,10.6,25.90,50.00,67.28,50.00,41.38,7.38,SAFE,0.65,28,0.05
COND-B,10.7,26.05,50.00,67.16,50.00,41.11,7.38,SAFE,0.65,28,0.05
COND-B,10.8,26.20,50.00,67.04,50.00,40.84,7.38,SAFE,0.65,28,0.05
COND-B,10.9,26.35,50.00,66.92,50.00,40.57,7.38,SAFE,0.65,28,0.05
COND-B,11,26.50,50.00,66.80,50.00,40.30,7.38,SAFE,0.65,28,0.05
COND-B,11.1,26.65,50.00,66.68,50.00,40.03,7.38,SAFE,0.65,28,0.05
COND-B,11.2,26.80,50.00,66.56,50.00,39.76,7.38,SAFE,0.65,28,0.05
COND-B,11.3,26.95,50.00,66.44,50.00,39.49,7.38,SAFE,0.65,28,0.05
COND-B,11.4,27.10,50.00,66.32,50.00,39.22,7.38,SAFE,0.65,28,0.05
COND-B,11.5,27.25,50.00,66.20,50.00,38.95,7.38,SAFE,0.65,28,0.05
COND-B,11.6,27.40,50.00,66.08,50.00,38.68,7.38,SAFE,0.65,28,0.05
COND-B,11.7,27.55,50.00,65.96,50.00,38.41,7.38,SAFE,0.65,28,0.05
COND-B,11.8,27.70,50.00,65.84,50.00,38.14,7.38,SAFE,0.65,28,0.05
COND-B,11.9,27.85,50.00,65.72,50.00,37.87,7.38,SAFE,0.65,28,0.05
COND-B,12,28.00,50.00,65.60,50.00,37.60,7.38,SAFE,0.65,28,0.05
COND-B,12.1,28.15,50.00,65.48,50.00,37.33,7.38,SAFE,0.65,28,0.05
COND-B,12.2,28.30,50.00,65.36,50.00,37.06,7.38,SAFE,0.65,28,0.05
COND-B,12.3,28.45,50.00,65.24,50.00,36.79,7.38,SAFE,0.65,28,0.05
COND-B,12.4,28.60,50.00,65.12,50.00,36.52,7.38,SAFE,0.65,28,0.05
COND-B,12.5,28.75,50.00,65.00,50.00,36.25,7.38,SAFE,0.65,28,0.05
COND-B,12.6,28.90,50.00,64.88,50.00,35.98,7.38,SAFE,0.65,28,0.05
COND-B,12.7,29.05,50.00,64.76,50.00,35.71,7.38,SAFE,0.65,28,0.05
COND-B,12.8,29.20,50.00,64.64,50.00,35.44,7.38,SAFE,0.65,28,0.05
COND-B,12.9,29.35,50.00,64.52,50.00,35.17,7.38,SAFE,0.65,28,0.05
COND-B,13,29.50,50.00,64.40,50.00,34.90,7.38,SAFE,0.65,28,0.05
COND-B,13.1,29.65,50.00,64.28,50.00,34.63,7.38,SAFE,0.65,28,0.05
COND-B,13.2,29.80,50.00,64.16,50.00,34.36,7.38,SAFE,0.65,28,0.05
COND-B,13.3,29.95,50.00,64.04,50.00,34.09,7.38,SAFE,0.65,28,0.05
COND-B,13.4,30.10,50.00,63.92,50.00,33.82,7.38,SAFE,0.65,28,0.05
COND-B,13.5,30.25,50.00,63.80,50.00,33.55,7.38,SAFE,0.65,28,0.05
COND-B,13.6,30.40,50.00,63.68,50.00,33.28,7.38,SAFE,0.65,28,0.05
COND-B,13.7,30.55,50.00,63.56,50.00,33.01,7.38,SAFE,0.65,28,0.05
COND-B,13.8,30.70,50.00,63.44,50.00,32.74,7.38,SAFE,0.65,28,0.05
COND-B,13.9,30.85,50.00,63.32,50.00,32.47,7.38,SAFE,0.65,28,0.05
COND-B,14,31.00,50.00,63.20,50.00,32.20,7.38,SAFE,0.65,28,0.05
COND-B,14.1,31.15,50.00,63.08,50.00,31.93,7.38,SAFE,0.65,28,0.05
COND-B,14.2,31.30,50.00,62.96,50.00,31.66,7.38,SAFE,0.65,28,0.05
COND-B,14.3,31.45,50.00,62.84,50.00,31.39,7.38,SAFE,0.65,28,0.05
COND-B,14.4,31.60,50.00,62.72,50.00,31.12,7.38,SAFE,0.65,28,0.05
COND-B,14.5,31.75,50.00,62.60,50.00,30.85,7.38,SAFE,0.65,28,0.05
COND-B,14.6,31.90,50.00,62.48,50.00,30.58,7.38,SAFE,0.65,28,0.05
COND-B,14.7,32.05,50.00,62.36,50.00,30.31,7.38,SAFE,0.65,28,0.05
COND-B,14.8,32.20,50.00,62.24,50.00,30.04,7.38,SAFE,0.65,28,0.05
COND-B,14.9,32.35,50.00,62.12,50.00,29.77,7.38,SAFE,0.65,28,0.05
COND-B,15,32.50,50.00,62.00,50.00,29.50,7.38,SAFE,0.65,28,0.05
COND-B,15.1,32.65,50.00,61.88,50.00,29.23,7.38,SAFE,0.65,28,0.05
COND-B,15.2,32.80,50.00,61.76,50.00,28.96,7.38,SAFE,0.65,28,0.05
COND-B,15.3,32.95,50.00,61.64,50.00,28.69,7.38,SAFE,0.65,28,0.05
COND-B,15.4,33.10,50.00,61.52,50.00,28.42,7.38,SAFE,0.65,28,0.05
COND-B,15.5,33.25,50.00,61.40,50.00,28.15,7.38,SAFE,0.65,28,0.05
COND-B,15.6,33.40,50.00,61.28,50.00,27.88,7.38,SAFE,0.65,28,0.05
COND-B,15.7,33.55,50.00,61.16,50.00,27.61,7.38,SAFE,0.65,28,0.05
COND-B,15.8,33.70,50.00,61.04,50.00,27.34,7.38,SAFE,0.65,28,0.05
COND-B,15.9,33.85,50.00,60.92,50.00,27.07,7.38,SAFE,0.65,28,0.05
COND-B,16,34.00,50.00,60.80,50.00,26.80,7.38,SAFE,0.65,28,0.05
COND-B,16.1,34.15,50.00,60.68,50.00,26.53,7.38,SAFE,0.65,28,0.05
COND-B,16.2,34.30,50.00,60.56,50.00,26.26,7.38,SAFE,0.65,28,0.05
COND-B,16.3,34.45,50.00,60.44,50.00,25.99,7.38,SAFE,0.65,28,0.05
COND-B,16.4,34.60,50.00,60.32,50.00,25.72,7.38,SAFE,0.65,28,0.05
COND-B,16.5,34.75,50.00,60.20,50.00,25.45,7.38,SAFE,0.65,28,0.05
COND-B,16.6,34.90,50.00,60.08,50.00,25.18,7.38,SAFE,0.65,28,0.05
COND-B,16.7,35.00,50.00,59.96,50.00,24.96,7.38,SAFE,0.65,28,0.05
COND-B,16.8,35.15,50.00,59.84,50.00,24.69,7.38,SAFE,0.65,28,0.05
COND-B,16.9,35.30,50.00,59.72,50.00,24.42,7.38,SAFE,0.65,28,0.05
COND-B,17,35.45,50.00,59.60,50.00,24.15,7.38,SAFE,0.65,28,0.05
COND-B,17.1,35.60,50.00,59.48,50.00,23.88,7.38,SAFE,0.65,28,0.05
COND-B,17.2,35.75,50.00,59.36,50.00,23.61,7.38,SAFE,0.65,28,0.05
COND-B,17.3,35.90,50.00,59.24,50.00,23.34,7.38,SAFE,0.65,28,0.05
COND-B,17.4,36.05,50.00,59.12,50.00,23.07,7.38,SAFE,0.65,28,0.05
COND-B,17.5,36.20,50.00,59.00,50.00,22.80,7.38,SAFE,0.65,28,0.05
COND-B,17.6,36.35,50.00,58.88,50.00,22.53,7.38,SAFE,0.65,28,0.05
COND-B,17.7,36.50,50.00,58.76,50.00,22.26,7.38,SAFE,0.65,28,0.05
COND-B,17.8,36.65,50.00,58.64,50.00,21.99,7.38,SAFE,0.65,28,0.05
COND-B,17.9,36.80,50.00,58.52,50.00,21.72,7.38,SAFE,0.65,28,0.05
COND-B,18,36.95,50.00,58.40,50.00,21.45,7.38,SAFE,0.65,28,0.05
COND-B,18.1,37.10,50.00,58.28,50.00,21.18,7.38,SAFE,0.65,28,0.05
COND-B,18.2,37.25,50.00,58.16,50.00,20.91,7.38,SAFE,0.65,28,0.05
COND-B,18.3,37.40,50.00,58.04,50.00,20.64,7.38,SAFE,0.65,28,0.05
COND-B,18.4,37.55,50.00,57.92,50.00,20.37,7.38,SAFE,0.65,28,0.05
COND-B,18.5,37.70,50.00,57.80,50.00,20.10,7.38,SAFE,0.65,28,0.05
COND-B,18.6,37.85,50.00,57.68,50.00,19.83,7.38,SAFE,0.65,28,0.05
COND-B,18.7,38.00,50.00,57.56,50.00,19.56,7.38,SAFE,0.65,28,0.05
COND-B,18.8,38.15,50.00,57.44,50.00,19.29,7.38,SAFE,0.65,28,0.05
COND-B,18.9,38.30,50.00,57.32,50.00,19.02,7.38,SAFE,0.65,28,0.05
COND-B,19,38.45,50.00,57.20,50.00,18.75,7.38,SAFE,0.65,28,0.05
COND-B,19.1,38.60,50.00,57.08,50.00,18.48,7.38,SAFE,0.65,28,0.05
COND-B,19.2,38.75,50.00,56.96,50.00,18.21,7.38,SAFE,0.65,28,0.05
COND-B,19.3,38.90,50.00,56.84,50.00,17.94,7.38,SAFE,0.65,28,0.05
COND-B,19.4,39.05,50.00,56.72,50.00,17.67,7.38,SAFE,0.65,28,0.05
COND-B,19.5,39.20,50.00,56.60,50.00,17.40,7.38,SAFE,0.65,28,0.05
COND-B,19.6,39.35,50.00,56.48,50.00,17.13,7.38,SAFE,0.65,28,0.05
COND-B,19.7,39.50,50.00,56.36,50.00,16.86,7.38,SAFE,0.65,28,0.05
COND-B,19.8,39.65,50.00,56.24,50.00,16.59,7.38,SAFE,0.65,28,0.05
COND-B,19.9,39.80,50.00,56.12,50.00,16.32,7.38,SAFE,0.65,28,0.05
COND-B,20,39.95,50.00,56.00,50.00,16.05,7.38,SAFE,0.65,28,0.05
COND-B,20.1,40.10,50.00,55.88,50.00,15.78,7.38,SAFE,0.65,28,0.05
COND-B,20.2,40.25,50.00,55.76,50.00,15.51,7.38,SAFE,0.65,28,0.05
COND-B,20.3,40.40,50.00,55.64,50.00,15.24,7.38,SAFE,0.65,28,0.05
COND-B,20.4,40.55,50.00,55.52,50.00,14.97,7.38,SAFE,0.65,28,0.05
COND-B,20.5,40.70,50.00,55.40,50.00,14.70,7.38,SAFE,0.65,28,0.05
COND-B,20.6,40.85,50.00,55.28,50.00,14.43,7.38,SAFE,0.65,28,0.05
COND-B,20.7,41.00,50.00,55.16,50.00,14.16,7.38,SAFE,0.65,28,0.05
COND-B,20.8,41.15,50.00,55.04,50.00,13.89,7.38,SAFE,0.65,28,0.05
COND-B,20.9,41.30,50.00,55.00,50.00,13.70,7.38,SAFE,0.65,28,0.05
COND-B,21,41.45,50.00,54.88,50.00,13.43,7.38,SAFE,0.65,28,0.05
COND-B,21.1,41.60,50.00,54.76,50.00,13.16,7.38,SAFE,0.65,28,0.05
COND-B,21.2,41.75,50.00,54.64,50.00,12.89,7.38,SAFE,0.65,28,0.05
COND-B,21.3,41.90,50.00,54.52,50.00,12.62,7.38,SAFE,0.65,28,0.05
COND-B,21.4,42.05,50.00,54.40,50.00,12.35,7.38,SAFE,0.65,28,0.05
COND-B,21.5,42.20,50.00,54.28,50.00,12.08,7.38,SAFE,0.65,28,0.05
COND-B,21.6,42.35,50.00,54.16,50.00,11.81,7.38,SAFE,0.65,28,0.05
COND-B,21.7,42.50,50.00,54.04,50.00,11.54,7.38,SAFE,0.65,28,0.05
COND-B,21.8,42.65,50.00,53.92,50.00,11.27,7.38,SAFE,0.65,28,0.05
COND-B,21.9,42.80,50.00,53.80,50.00,11.00,7.38,SAFE,0.65,28,0.05
COND-B,22,42.95,50.00,53.68,50.00,10.73,7.38,SAFE,0.65,28,0.05
COND-B,22.1,43.10,50.00,53.56,50.00,10.46,7.38,SAFE,0.65,28,0.05
COND-B,22.2,43.25,50.00,53.44,50.00,10.19,7.38,SAFE,0.65,28,0.05
COND-B,22.3,43.40,50.00,53.32,50.00,9.92,7.38,SAFE,0.65,28,0.05
COND-B,22.4,43.55,50.00,53.20,50.00,9.65,7.38,SAFE,0.65,28,0.05
COND-B,22.5,43.70,50.00,53.08,50.00,9.38,7.38,SAFE,0.65,28,0.05
COND-B,22.6,43.85,50.00,52.96,50.00,9.11,7.38,SAFE,0.65,28,0.05
COND-B,22.7,44.00,50.00,52.84,50.00,8.84,7.38,SAFE,0.65,28,0.05
COND-B,22.8,44.15,50.00,52.72,50.00,8.57,7.38,SAFE,0.65,28,0.05
COND-B,22.9,44.30,50.00,52.60,50.00,8.30,7.38,SAFE,0.65,28,0.05
COND-B,23,44.45,50.00,52.48,50.00,8.03,7.38,SAFE,0.65,28,0.05
COND-B,23.1,44.60,50.00,52.36,50.00,7.76,7.38,SAFE,0.65,28,0.05
COND-B,23.2,44.75,50.00,52.24,50.00,7.49,7.38,SAFE,0.65,28,0.05
COND-B,23.3,44.90,50.00,52.12,50.00,7.22,7.38,WARNING,0.65,28,0.05
COND-B,23.4,45.05,50.00,52.00,50.00,6.95,7.38,WARNING,0.65,28,0.05
COND-B,23.5,45.20,50.00,51.88,50.00,6.68,7.38,WARNING,0.65,28,0.05
COND-B,23.6,45.35,50.00,51.76,50.00,6.41,7.38,WARNING,0.65,28,0.05
COND-B,23.7,45.50,50.00,51.64,50.00,6.14,7.38,WARNING,0.65,28,0.05
COND-B,23.8,45.65,50.00,51.52,50.00,5.87,7.38,WARNING,0.65,28,0.05
COND-B,23.9,45.80,50.00,51.40,50.00,5.60,7.38,WARNING,0.65,28,0.05
COND-B,24,45.95,50.00,51.28,50.00,5.33,7.38,WARNING,0.65,28,0.05
COND-B,24.1,46.10,50.00,51.16,50.00,5.06,7.38,WARNING,0.65,28,0.05
COND-B,24.2,46.25,50.00,51.04,50.00,4.79,7.38,WARNING,0.65,28,0.05
COND-B,24.3,46.40,50.00,50.92,50.00,4.52,7.38,WARNING,0.65,28,0.05
COND-B,24.4,46.55,50.00,50.80,50.00,4.25,7.38,WARNING,0.65,28,0.05
COND-B,24.5,46.70,50.00,50.68,50.00,3.98,7.38,UNSAFE,0.65,28,0.05
COND-B,24.6,46.85,50.00,50.56,50.00,3.71,7.38,UNSAFE,0.65,28,0.05
COND-B,24.7,47.00,50.00,50.44,50.00,3.44,7.38,UNSAFE,0.65,28,0.05
COND-B,24.8,47.15,50.00,50.32,50.00,3.17,7.38,UNSAFE,0.65,28,0.05
COND-B,24.9,47.30,50.00,50.20,50.00,2.90,7.38,UNSAFE,0.65,28,0.05
COND-C,0,10.00,50.00,80.00,50.00,70.00,7.68,SAFE,0.35,30,0.1
COND-C,0.1,10.15,50.00,79.88,50.00,69.73,10.37,SAFE,0.35,30,0.1
COND-C,0.2,10.30,50.00,79.76,50.00,69.46,10.37,SAFE,0.35,30,0.1
COND-C,0.3,10.45,50.00,79.64,50.00,69.19,10.37,SAFE,0.35,30,0.1
COND-C,0.4,10.60,50.00,79.52,50.00,68.92,10.37,SAFE,0.35,30,0.1
COND-C,0.5,10.75,50.00,79.40,50.00,68.65,10.37,SAFE,0.35,30,0.1
COND-C,0.6,10.90,50.00,79.28,50.00,68.38,10.37,SAFE,0.35,30,0.1
COND-C,0.7,11.05,50.00,79.16,50.00,68.11,10.37,SAFE,0.35,30,0.1
COND-C,0.8,11.20,50.00,79.04,50.00,67.84,10.37,SAFE,0.35,30,0.1
COND-C,0.9,11.35,50.00,78.92,50.00,67.57,10.37,SAFE,0.35,30,0.1
COND-C,1,11.50,50.00,78.80,50.00,67.30,10.37,SAFE,0.35,30,0.1
COND-C,1.1,11.65,50.00,78.68,50.00,67.03,10.37,SAFE,0.35,30,0.1
COND-C,1.2,11.80,50.00,78.56,50.00,66.76,10.37,SAFE,0.35,30,0.1
COND-C,1.3,11.95,50.00,78.44,50.00,66.49,10.37,SAFE,0.35,30,0.1
COND-C,1.4,12.10,50.00,78.32,50.00,66.22,10.37,SAFE,0.35,30,0.1
COND-C,1.5,12.25,50.00,78.20,50.00,65.95,10.37,SAFE,0.35,30,0.1
COND-C,1.6,12.40,50.00,78.08,50.00,65.68,10.37,SAFE,0.35,30,0.1
COND-C,1.7,12.55,50.00,77.96,50.00,65.41,10.37,SAFE,0.35,30,0.1
COND-C,1.8,12.70,50.00,77.84,50.00,65.14,10.37,SAFE,0.35,30,0.1
COND-C,1.9,12.85,50.00,77.72,50.00,64.87,10.37,SAFE,0.35,30,0.1
COND-C,2,13.00,50.00,77.60,50.00,64.60,10.37,SAFE,0.35,30,0.1
COND-C,2.1,13.15,50.00,77.48,50.00,64.33,10.37,SAFE,0.35,30,0.1
COND-C,2.2,13.30,50.00,77.36,50.00,64.06,10.37,SAFE,0.35,30,0.1
COND-C,2.3,13.45,50.00,77.24,50.00,63.79,10.37,SAFE,0.35,30,0.1
COND-C,2.4,13.60,50.00,77.12,50.00,63.52,10.37,SAFE,0.35,30,0.1
COND-C,2.5,13.75,50.00,77.00,50.00,63.25,10.37,SAFE,0.35,30,0.1
COND-C,2.6,13.90,50.00,76.88,50.00,62.98,10.37,SAFE,0.35,30,0.1
COND-C,2.7,14.05,50.00,76.76,50.00,62.71,10.37,SAFE,0.35,30,0.1
COND-C,2.8,14.20,50.00,76.64,50.00,62.44,10.37,SAFE,0.35,30,0.1
COND-C,2.9,14.35,50.00,76.52,50.00,62.17,10.37,SAFE,0.35,30,0.1
COND-C,3,14.50,50.00,76.40,50.00,61.90,10.37,SAFE,0.35,30,0.1
COND-C,3.1,14.65,50.00,76.28,50.00,61.63,10.37,SAFE,0.35,30,0.1
COND-C,3.2,14.80,50.00,76.16,50.00,61.36,10.37,SAFE,0.35,30,0.1
COND-C,3.3,14.95,50.00,76.04,50.00,61.09,10.37,SAFE,0.35,30,0.1
COND-C,3.4,15.10,50.00,75.92,50.00,60.82,10.37,SAFE,0.35,30,0.1
COND-C,3.5,15.25,50.00,75.80,50.00,60.55,10.37,SAFE,0.35,30,0.1
COND-C,3.6,15.40,50.00,75.68,50.00,60.28,10.37,SAFE,0.35,30,0.1
COND-C,3.7,15.55,50.00,75.56,50.00,60.01,10.37,SAFE,0.35,30,0.1
COND-C,3.8,15.70,50.00,75.44,50.00,59.74,10.37,SAFE,0.35,30,0.1
COND-C,3.9,15.85,50.00,75.32,50.00,59.47,10.37,SAFE,0.35,30,0.1
COND-C,4,16.00,50.00,75.20,50.00,59.20,10.37,SAFE,0.35,30,0.1
COND-C,4.1,16.15,50.00,75.08,50.00,58.93,10.37,SAFE,0.35,30,0.1
COND-C,4.2,16.30,50.00,74.96,50.00,58.66,10.37,SAFE,0.35,30,0.1
COND-C,4.3,16.45,50.00,74.84,50.00,58.39,10.37,SAFE,0.35,30,0.1
COND-C,4.4,16.60,50.00,74.72,50.00,58.12,10.37,SAFE,0.35,30,0.1
COND-C,4.5,16.75,50.00,74.60,50.00,57.85,10.37,SAFE,0.35,30,0.1
COND-C,4.6,16.90,50.00,74.48,50.00,57.58,10.37,SAFE,0.35,30,0.1
COND-C,4.7,17.05,50.00,74.36,50.00,57.31,10.37,SAFE,0.35,30,0.1
COND-C,4.8,17.20,50.00,74.24,50.00,57.04,10.37,SAFE,0.35,30,0.1
COND-C,4.9,17.35,50.00,74.12,50.00,56.77,10.37,SAFE,0.35,30,0.1
COND-C,5,17.50,50.00,74.00,50.00,56.50,10.37,SAFE,0.35,30,0.1
COND-C,5.1,17.65,50.00,73.88,50.00,56.23,10.37,SAFE,0.35,30,0.1
COND-C,5.2,17.80,50.00,73.76,50.00,55.96,10.37,SAFE,0.35,30,0.1
COND-C,5.3,17.95,50.00,73.64,50.00,55.69,10.37,SAFE,0.35,30,0.1
COND-C,5.4,18.10,50.00,73.52,50.00,55.42,10.37,SAFE,0.35,30,0.1
COND-C,5.5,18.25,50.00,73.40,50.00,55.15,10.37,SAFE,0.35,30,0.1
COND-C,5.6,18.40,50.00,73.28,50.00,54.88,10.37,SAFE,0.35,30,0.1
COND-C,5.7,18.55,50.00,73.16,50.00,54.61,10.37,SAFE,0.35,30,0.1
COND-C,5.8,18.70,50.00,73.04,50.00,54.34,10.37,SAFE,0.35,30,0.1
COND-C,5.9,18.85,50.00,72.92,50.00,54.07,10.37,SAFE,0.35,30,0.1
COND-C,6,19.00,50.00,72.80,50.00,53.80,10.37,SAFE,0.35,30,0.1
COND-C,6.1,19.15,50.00,72.68,50.00,53.53,10.37,SAFE,0.35,30,0.1
COND-C,6.2,19.30,50.00,72.56,50.00,53.26,10.37,SAFE,0.35,30,0.1
COND-C,6.3,19.45,50.00,72.44,50.00,52.99,10.37,SAFE,0.35,30,0.1
COND-C,6.4,19.60,50.00,72.32,50.00,52.72,10.37,SAFE,0.35,30,0.1
COND-C,6.5,19.75,50.00,72.20,50.00,52.45,10.37,SAFE,0.35,30,0.1
COND-C,6.6,19.90,50.00,72.08,50.00,52.18,10.37,SAFE,0.35,30,0.1
COND-C,6.7,20.05,50.00,71.96,50.00,51.91,10.37,SAFE,0.35,30,0.1
COND-C,6.8,20.20,50.00,71.84,50.00,51.64,10.37,SAFE,0.35,30,0.1
COND-C,6.9,20.35,50.00,71.72,50.00,51.37,10.37,SAFE,0.35,30,0.1
COND-C,7,20.50,50.00,71.60,50.00,51.10,10.37,SAFE,0.35,30,0.1
COND-C,7.1,20.65,50.00,71.48,50.00,50.83,10.37,SAFE,0.35,30,0.1
COND-C,7.2,20.80,50.00,71.36,50.00,50.56,10.37,SAFE,0.35,30,0.1
COND-C,7.3,20.95,50.00,71.24,50.00,50.29,10.37,SAFE,0.35,30,0.1
COND-C,7.4,21.10,50.00,71.12,50.00,50.02,10.37,SAFE,0.35,30,0.1
COND-C,7.5,21.25,50.00,71.00,50.00,49.75,10.37,SAFE,0.35,30,0.1
COND-C,7.6,21.40,50.00,70.88,50.00,49.48,10.37,SAFE,0.35,30,0.1
COND-C,7.7,21.55,50.00,70.76,50.00,49.21,10.37,SAFE,0.35,30,0.1
COND-C,7.8,21.70,50.00,70.64,50.00,48.94,10.37,SAFE,0.35,30,0.1
COND-C,7.9,21.85,50.00,70.52,50.00,48.67,10.37,SAFE,0.35,30,0.1
COND-C,8,22.00,50.00,70.40,50.00,48.40,10.37,SAFE,0.35,30,0.1
COND-C,8.1,22.15,50.00,70.28,50.00,48.13,10.37,SAFE,0.35,30,0.1
COND-C,8.2,22.30,50.00,70.16,50.00,47.86,10.37,SAFE,0.35,30,0.1
COND-C,8.3,22.45,50.00,70.04,50.00,47.59,10.37,SAFE,0.35,30,0.1
COND-C,8.4,22.60,50.00,69.92,50.00,47.32,10.37,SAFE,0.35,30,0.1
COND-C,8.5,22.75,50.00,69.80,50.00,47.05,10.37,SAFE,0.35,30,0.1
COND-C,8.6,22.90,50.00,69.68,50.00,46.78,10.37,SAFE,0.35,30,0.1
COND-C,8.7,23.05,50.00,69.56,50.00,46.51,10.37,SAFE,0.35,30,0.1
COND-C,8.8,23.20,50.00,69.44,50.00,46.24,10.37,SAFE,0.35,30,0.1
COND-C,8.9,23.35,50.00,69.32,50.00,45.97,10.37,SAFE,0.35,30,0.1
COND-C,9,23.50,50.00,69.20,50.00,45.70,10.37,SAFE,0.35,30,0.1
COND-C,9.1,23.65,50.00,69.08,50.00,45.43,10.37,SAFE,0.35,30,0.1
COND-C,9.2,23.80,50.00,68.96,50.00,45.16,10.37,SAFE,0.35,30,0.1
COND-C,9.3,23.95,50.00,68.84,50.00,44.89,10.37,SAFE,0.35,30,0.1
COND-C,9.4,24.10,50.00,68.72,50.00,44.62,10.37,SAFE,0.35,30,0.1
COND-C,9.5,24.25,50.00,68.60,50.00,44.35,10.37,SAFE,0.35,30,0.1
COND-C,9.6,24.40,50.00,68.48,50.00,44.08,10.37,SAFE,0.35,30,0.1
COND-C,9.7,24.55,50.00,68.36,50.00,43.81,10.37,SAFE,0.35,30,0.1
COND-C,9.8,24.70,50.00,68.24,50.00,43.54,10.37,SAFE,0.35,30,0.1
COND-C,9.9,24.85,50.00,68.12,50.00,43.27,10.37,SAFE,0.35,30,0.1
COND-C,10,25.00,50.00,68.00,50.00,43.00,10.37,SAFE,0.35,30,0.1
COND-C,10.1,25.15,50.00,67.88,50.00,42.73,10.37,SAFE,0.35,30,0.1
COND-C,10.2,25.30,50.00,67.76,50.00,42.46,10.37,SAFE,0.35,30,0.1
COND-C,10.3,25.45,50.00,67.64,50.00,42.19,10.37,SAFE,0.35,30,0.1
COND-C,10.4,25.60,50.00,67.52,50.00,41.92,10.37,SAFE,0.35,30,0.1
COND-C,10.5,25.75,50.00,67.40,50.00,41.65,10.37,SAFE,0.35,30,0.1
COND-C,10.6,25.90,50.00,67.28,50.00,41.38,10.37,SAFE,0.35,30,0.1
COND-C,10.7,26.05,50.00,67.16,50.00,41.11,10.37,SAFE,0.35,30,0.1
COND-C,10.8,26.20,50.00,67.04,50.00,40.84,10.37,SAFE,0.35,30,0.1
COND-C,10.9,26.35,50.00,66.92,50.00,40.57,10.37,SAFE,0.35,30,0.1
COND-C,11,26.50,50.00,66.80,50.00,40.30,10.37,SAFE,0.35,30,0.1
COND-C,11.1,26.65,50.00,66.68,50.00,40.03,10.37,SAFE,0.35,30,0.1
COND-C,11.2,26.80,50.00,66.56,50.00,39.76,10.37,SAFE,0.35,30,0.1
COND-C,11.3,26.95,50.00,66.44,50.00,39.49,10.37,SAFE,0.35,30,0.1
COND-C,11.4,27.10,50.00,66.32,50.00,39.22,10.37,SAFE,0.35,30,0.1
COND-C,11.5,27.25,50.00,66.20,50.00,38.95,10.37,SAFE,0.35,30,0.1
COND-C,11.6,27.40,50.00,66.08,50.00,38.68,10.37,SAFE,0.35,30,0.1
COND-C,11.7,27.55,50.00,65.96,50.00,38.41,10.37,SAFE,0.35,30,0.1
COND-C,11.8,27.70,50.00,65.84,50.00,38.14,10.37,SAFE,0.35,30,0.1
COND-C,11.9,27.85,50.00,65.72,50.00,37.87,10.37,SAFE,0.35,30,0.1
COND-C,12,28.00,50.00,65.60,50.00,37.60,10.37,SAFE,0.35,30,0.1
COND-C,12.1,28.15,50.00,65.48,50.00,37.33,10.37,SAFE,0.35,30,0.1
COND-C,12.2,28.30,50.00,65.36,50.00,37.06,10.37,SAFE,0.35,30,0.1
COND-C,12.3,28.45,50.00,65.24,50.00,36.79,10.37,SAFE,0.35,30,0.1
COND-C,12.4,28.60,50.00,65.12,50.00,36.52,10.37,SAFE,0.35,30,0.1
COND-C,12.5,28.75,50.00,65.00,50.00,36.25,10.37,SAFE,0.35,30,0.1
COND-C,12.6,28.90,50.00,64.88,50.00,35.98,10.37,SAFE,0.35,30,0.1
COND-C,12.7,29.05,50.00,64.76,50.00,35.71,10.37,SAFE,0.35,30,0.1
COND-C,12.8,29.20,50.00,64.64,50.00,35.44,10.37,SAFE,0.35,30,0.1
COND-C,12.9,29.35,50.00,64.52,50.00,35.17,10.37,SAFE,0.35,30,0.1
COND-C,13,29.50,50.00,64.40,50.00,34.90,10.37,SAFE,0.35,30,0.1
COND-C,13.1,29.65,50.00,64.28,50.00,34.63,10.37,SAFE,0.35,30,0.1
COND-C,13.2,29.80,50.00,64.16,50.00,34.36,10.37,SAFE,0.35,30,0.1
COND-C,13.3,29.95,50.00,64.04,50.00,34.09,10.37,SAFE,0.35,30,0.1
COND-C,13.4,30.10,50.00,63.92,50.00,33.82,10.37,SAFE,0.35,30,0.1
COND-C,13.5,30.25,50.00,63.80,50.00,33.55,10.37,SAFE,0.35,30,0.1
COND-C,13.6,30.40,50.00,63.68,50.00,33.28,10.37,SAFE,0.35,30,0.1
COND-C,13.7,30.55,50.00,63.56,50.00,33.01,10.37,SAFE,0.35,30,0.1
COND-C,13.8,30.70,50.00,63.44,50.00,32.74,10.37,SAFE,0.35,30,0.1
COND-C,13.9,30.85,50.00,63.32,50.00,32.47,10.37,SAFE,0.35,30,0.1
COND-C,14,31.00,50.00,63.20,50.00,32.20,10.37,SAFE,0.35,30,0.1
COND-C,14.1,31.15,50.00,63.08,50.00,31.93,10.37,SAFE,0.35,30,0.1
COND-C,14.2,31.30,50.00,62.96,50.00,31.66,10.37,SAFE,0.35,30,0.1
COND-C,14.3,31.45,50.00,62.84,50.00,31.39,10.37,SAFE,0.35,30,0.1
COND-C,14.4,31.60,50.00,62.72,50.00,31.12,10.37,SAFE,0.35,30,0.1
COND-C,14.5,31.75,50.00,62.60,50.00,30.85,10.37,SAFE,0.35,30,0.1
COND-C,14.6,31.90,50.00,62.48,50.00,30.58,10.37,SAFE,0.35,30,0.1
COND-C,14.7,32.05,50.00,62.36,50.00,30.31,10.37,SAFE,0.35,30,0.1
COND-C,14.8,32.20,50.00,62.24,50.00,30.04,10.37,SAFE,0.35,30,0.1
COND-C,14.9,32.35,50.00,62.12,50.00,29.77,10.37,SAFE,0.35,30,0.1
COND-C,15,32.50,50.00,62.00,50.00,29.50,10.37,SAFE,0.35,30,0.1
COND-C,15.1,32.65,50.00,61.88,50.00,29.23,10.37,SAFE,0.35,30,0.1
COND-C,15.2,32.80,50.00,61.76,50.00,28.96,10.37,SAFE,0.35,30,0.1
COND-C,15.3,32.95,50.00,61.64,50.00,28.69,10.37,SAFE,0.35,30,0.1
COND-C,15.4,33.10,50.00,61.52,50.00,28.42,10.37,SAFE,0.35,30,0.1
COND-C,15.5,33.25,50.00,61.40,50.00,28.15,10.37,SAFE,0.35,30,0.1
COND-C,15.6,33.40,50.00,61.28,50.00,27.88,10.37,SAFE,0.35,30,0.1
COND-C,15.7,33.55,50.00,61.16,50.00,27.61,10.37,SAFE,0.35,30,0.1
COND-C,15.8,33.70,50.00,61.04,50.00,27.34,10.37,SAFE,0.35,30,0.1
COND-C,15.9,33.85,50.00,60.92,50.00,27.07,10.37,SAFE,0.35,30,0.1
COND-C,16,34.00,50.00,60.80,50.00,26.80,10.37,SAFE,0.35,30,0.1
COND-C,16.1,34.15,50.00,60.68,50.00,26.53,10.37,SAFE,0.35,30,0.1
COND-C,16.2,34.30,50.00,60.56,50.00,26.26,10.37,SAFE,0.35,30,0.1
COND-C,16.3,34.45,50.00,60.44,50.00,25.99,10.37,SAFE,0.35,30,0.1
COND-C,16.4,34.60,50.00,60.32,50.00,25.72,10.37,SAFE,0.35,30,0.1
COND-C,16.5,34.75,50.00,60.20,50.00,25.45,10.37,SAFE,0.35,30,0.1
COND-C,16.6,34.90,50.00,60.08,50.00,25.18,10.37,SAFE,0.35,30,0.1
COND-C,16.7,35.00,50.00,59.96,50.00,24.96,10.37,SAFE,0.35,30,0.1
COND-C,16.8,35.15,50.00,59.84,50.00,24.69,10.37,SAFE,0.35,30,0.1
COND-C,16.9,35.30,50.00,59.72,50.00,24.42,10.37,SAFE,0.35,30,0.1
COND-C,17,35.45,50.00,59.60,50.00,24.15,10.37,SAFE,0.35,30,0.1
COND-C,17.1,35.60,50.00,59.48,50.00,23.88,10.37,SAFE,0.35,30,0.1
COND-C,17.2,35.75,50.00,59.36,50.00,23.61,10.37,SAFE,0.35,30,0.1
COND-C,17.3,35.90,50.00,59.24,50.00,23.34,10.37,SAFE,0.35,30,0.1
COND-C,17.4,36.05,50.00,59.12,50.00,23.07,10.37,SAFE,0.35,30,0.1
COND-C,17.5,36.20,50.00,59.00,50.00,22.80,10.37,SAFE,0.35,30,0.1
COND-C,17.6,36.35,50.00,58.88,50.00,22.53,10.37,SAFE,0.35,30,0.1
COND-C,17.7,36.50,50.00,58.76,50.00,22.26,10.37,SAFE,0.35,30,0.1
COND-C,17.8,36.65,50.00,58.64,50.00,21.99,10.37,SAFE,0.35,30,0.1
COND-C,17.9,36.80,50.00,58.52,50.00,21.72,10.37,SAFE,0.35,30,0.1
COND-C,18,36.95,50.00,58.40,50.00,21.45,10.37,SAFE,0.35,30,0.1
COND-C,18.1,37.10,50.00,58.28,50.00,21.18,10.37,SAFE,0.35,30,0.1
COND-C,18.2,37.25,50.00,58.16,50.00,20.91,10.37,SAFE,0.35,30,0.1
COND-C,18.3,37.40,50.00,58.04,50.00,20.64,10.37,SAFE,0.35,30,0.1
COND-C,18.4,37.55,50.00,57.92,50.00,20.37,10.37,SAFE,0.35,30,0.1
COND-C,18.5,37.70,50.00,57.80,50.00,20.10,10.37,SAFE,0.35,30,0.1
COND-C,18.6,37.85,50.00,57.68,50.00,19.83,10.37,SAFE,0.35,30,0.1
COND-C,18.7,38.00,50.00,57.56,50.00,19.56,10.37,SAFE,0.35,30,0.1
COND-C,18.8,38.15,50.00,57.44,50.00,19.29,10.37,SAFE,0.35,30,0.1
COND-C,18.9,38.30,50.00,57.32,50.00,19.02,10.37,SAFE,0.35,30,0.1
COND-C,19,38.45,50.00,57.20,50.00,18.75,10.37,SAFE,0.35,30,0.1
COND-C,19.1,38.60,50.00,57.08,50.00,18.48,10.37,SAFE,0.35,30,0.1
COND-C,19.2,38.75,50.00,56.96,50.00,18.21,10.37,SAFE,0.35,30,0.1
COND-C,19.3,38.90,50.00,56.84,50.00,17.94,10.37,SAFE,0.35,30,0.1
COND-C,19.4,39.05,50.00,56.72,50.00,17.67,10.37,SAFE,0.35,30,0.1
COND-C,19.5,39.20,50.00,56.60,50.00,17.40,10.37,SAFE,0.35,30,0.1
COND-C,19.6,39.35,50.00,56.48,50.00,17.13,10.37,SAFE,0.35,30,0.1
COND-C,19.7,39.50,50.00,56.36,50.00,16.86,10.37,SAFE,0.35,30,0.1
COND-C,19.8,39.65,50.00,56.24,50.00,16.59,10.37,SAFE,0.35,30,0.1
COND-C,19.9,39.80,50.00,56.12,50.00,16.32,10.37,SAFE,0.35,30,0.1
COND-C,20,39.95,50.00,56.00,50.00,16.05,10.37,SAFE,0.35,30,0.1
COND-C,20.1,40.10,50.00,55.88,50.00,15.78,10.37,SAFE,0.35,30,0.1
COND-C,20.2,40.25,50.00,55.76,50.00,15.51,10.37,SAFE,0.35,30,0.1
COND-C,20.3,40.40,50.00,55.64,50.00,15.24,10.37,SAFE,0.35,30,0.1
COND-C,20.4,40.55,50.00,55.52,50.00,14.97,10.37,SAFE,0.35,30,0.1
COND-C,20.5,40.70,50.00,55.40,50.00,14.70,10.37,SAFE,0.35,30,0.1
COND-C,20.6,40.85,50.00,55.28,50.00,14.43,10.37,SAFE,0.35,30,0.1
COND-C,20.7,41.00,50.00,55.16,50.00,14.16,10.37,SAFE,0.35,30,0.1
COND-C,20.8,41.15,50.00,55.04,50.00,13.89,10.37,SAFE,0.35,30,0.1
COND-C,20.9,41.30,50.00,55.00,50.00,13.70,10.37,SAFE,0.35,30,0.1
COND-C,21,41.45,50.00,54.88,50.00,13.43,10.37,SAFE,0.35,30,0.1
COND-C,21.1,41.60,50.00,54.76,50.00,13.16,10.37,SAFE,0.35,30,0.1
COND-C,21.2,41.75,50.00,54.64,50.00,12.89,10.37,SAFE,0.35,30,0.1
COND-C,21.3,41.90,50.00,54.52,50.00,12.62,10.37,SAFE,0.35,30,0.1
COND-C,21.4,42.05,50.00,54.40,50.00,12.35,10.37,SAFE,0.35,30,0.1
COND-C,21.5,42.20,50.00,54.28,50.00,12.08,10.37,SAFE,0.35,30,0.1
COND-C,21.6,42.35,50.00,54.16,50.00,11.81,10.37,SAFE,0.35,30,0.1
COND-C,21.7,42.50,50.00,54.04,50.00,11.54,10.37,SAFE,0.35,30,0.1
COND-C,21.8,42.65,50.00,53.92,50.00,11.27,10.37,SAFE,0.35,30,0.1
COND-C,21.9,42.80,50.00,53.80,50.00,11.00,10.37,SAFE,0.35,30,0.1
COND-C,22,42.95,50.00,53.68,50.00,10.73,10.37,SAFE,0.35,30,0.1
COND-C,22.1,43.10,50.00,53.56,50.00,10.46,10.37,SAFE,0.35,30,0.1
COND-C,22.2,43.25,50.00,53.44,50.00,10.19,10.37,WARNING,0.35,30,0.1
COND-C,22.3,43.40,50.00,53.32,50.00,9.92,10.37,WARNING,0.35,30,0.1
COND-C,22.4,43.55,50.00,53.20,50.00,9.65,10.37,WARNING,0.35,30,0.1
COND-C,22.5,43.70,50.00,53.08,50.00,9.38,10.37,WARNING,0.35,30,0.1
COND-C,22.6,43.85,50.00,52.96,50.00,9.11,10.37,WARNING,0.35,30,0.1
COND-C,22.7,44.00,50.00,52.84,50.00,8.84,10.37,WARNING,0.35,30,0.1
COND-C,22.8,44.15,50.00,52.72,50.00,8.57,10.37,WARNING,0.35,30,0.1
COND-C,22.9,44.30,50.00,52.60,50.00,8.30,10.37,WARNING,0.35,30,0.1
COND-C,23,44.45,50.00,52.48,50.00,8.03,10.37,WARNING,0.35,30,0.1
COND-C,23.1,44.60,50.00,52.36,50.00,7.76,10.37,WARNING,0.35,30,0.1
COND-C,23.2,44.75,50.00,52.24,50.00,7.49,10.37,WARNING,0.35,30,0.1
COND-C,23.3,44.90,50.00,52.12,50.00,7.22,10.37,WARNING,0.35,30,0.1
COND-C,23.4,45.05,50.00,52.00,50.00,6.95,10.37,WARNING,0.35,30,0.1
COND-C,23.5,45.20,50.00,51.88,50.00,6.68,10.37,WARNING,0.35,30,0.1
COND-C,23.6,45.35,50.00,51.76,50.00,6.41,10.37,WARNING,0.35,30,0.1
COND-C,23.7,45.50,50.00,51.64,50.00,6.14,10.37,WARNING,0.35,30,0.1
COND-C,23.8,45.65,50.00,51.52,50.00,5.87,10.37,WARNING,0.35,30,0.1
COND-C,23.9,45.80,50.00,51.40,50.00,5.60,10.37,UNSAFE,0.35,30,0.1
COND-C,24,45.95,50.00,51.28,50.00,5.33,10.37,UNSAFE,0.35,30,0.1
COND-C,24.1,46.10,50.00,51.16,50.00,5.06,10.37,UNSAFE,0.35,30,0.1
COND-C,24.2,46.25,50.00,51.04,50.00,4.79,10.37,UNSAFE,0.35,30,0.1
COND-C,24.3,46.40,50.00,50.92,50.00,4.52,10.37,UNSAFE,0.35,30,0.1
COND-C,24.4,46.55,50.00,50.80,50.00,4.25,10.37,UNSAFE,0.35,30,0.1
COND-C,24.5,46.70,50.00,50.68,50.00,3.98,10.37,UNSAFE,0.35,30,0.1
COND-C,24.6,46.85,50.00,50.56,50.00,3.71,10.37,UNSAFE,0.35,30,0.1
COND-C,24.7,47.00,50.00,50.44,50.00,3.44,10.37,UNSAFE,0.35,30,0.1
COND-C,24.8,47.15,50.00,50.32,50.00,3.17,10.37,UNSAFE,0.35,30,0.1
COND-C,24.9,47.30,50.00,50.20,50.00,2.90,10.37,UNSAFE,0.35,30,0.1
COND-D,0,10.00,50.00,80.00,50.00,70.00,5.29,SAFE,1,25,0.4
COND-D,0.1,10.15,50.00,79.88,50.00,69.73,7.04,SAFE,1,25,0.4
COND-D,0.2,10.30,50.00,79.76,50.00,69.46,7.04,SAFE,1,25,0.4
COND-D,0.3,10.45,50.00,79.64,50.00,69.19,7.04,SAFE,1,25,0.4
COND-D,0.4,10.60,50.00,79.52,50.00,68.92,7.04,SAFE,1,25,0.4
COND-D,0.5,10.75,50.00,79.40,50.00,68.65,7.04,SAFE,1,25,0.4
COND-D,0.6,10.90,50.00,79.28,50.00,68.38,7.04,SAFE,1,25,0.4
COND-D,0.7,11.05,50.00,79.16,50.00,68.11,7.04,SAFE,1,25,0.4
COND-D,0.8,11.20,50.00,79.04,50.00,67.84,7.04,SAFE,1,25,0.4
COND-D,0.9,11.35,50.00,78.92,50.00,67.57,7.04,SAFE,1,25,0.4
COND-D,1,11.50,50.00,78.80,50.00,67.30,7.04,SAFE,1,25,0.4
COND-D,1.1,11.65,50.00,78.68,50.00,67.03,7.04,SAFE,1,25,0.4
COND-D,1.2,11.80,50.00,78.56,50.00,66.76,7.04,SAFE,1,25,0.4
COND-D,1.3,11.95,50.00,78.44,50.00,66.49,7.04,SAFE,1,25,0.4
COND-D,1.4,12.10,50.00,78.32,50.00,66.22,7.04,SAFE,1,25,0.4
COND-D,1.5,12.25,50.00,78.20,50.00,65.95,7.04,SAFE,1,25,0.4
COND-D,1.6,12.40,50.00,78.08,50.00,65.68,7.04,SAFE,1,25,0.4
COND-D,1.7,12.55,50.00,77.96,50.00,65.41,7.04,SAFE,1,25,0.4
COND-D,1.8,12.70,50.00,77.84,50.00,65.14,7.04,SAFE,1,25,0.4
COND-D,1.9,12.85,50.00,77.72,50.00,64.87,7.04,SAFE,1,25,0.4
COND-D,2,13.00,50.00,77.60,50.00,64.60,7.04,SAFE,1,25,0.4
COND-D,2.1,13.15,50.00,77.48,50.00,64.33,7.04,SAFE,1,25,0.4
COND-D,2.2,13.30,50.00,77.36,50.00,64.06,7.04,SAFE,1,25,0.4
COND-D,2.3,13.45,50.00,77.24,50.00,63.79,7.04,SAFE,1,25,0.4
COND-D,2.4,13.60,50.00,77.12,50.00,63.52,7.04,SAFE,1,25,0.4
COND-D,2.5,13.75,50.00,77.00,50.00,63.25,7.04,SAFE,1,25,0.4
COND-D,2.6,13.90,50.00,76.88,50.00,62.98,7.04,SAFE,1,25,0.4
COND-D,2.7,14.05,50.00,76.76,50.00,62.71,7.04,SAFE,1,25,0.4
COND-D,2.8,14.20,50.00,76.64,50.00,62.44,7.04,SAFE,1,25,0.4
COND-D,2.9,14.35,50.00,76.52,50.00,62.17,7.04,SAFE,1,25,0.4
COND-D,3,14.50,50.00,76.40,50.00,61.90,7.04,SAFE,1,25,0.4
COND-D,3.1,14.65,50.00,76.28,50.00,61.63,7.04,SAFE,1,25,0.4
COND-D,3.2,14.80,50.00,76.16,50.00,61.36,7.04,SAFE,1,25,0.4
COND-D,3.3,14.95,50.00,76.04,50.00,61.09,7.04,SAFE,1,25,0.4
COND-D,3.4,15.10,50.00,75.92,50.00,60.82,7.04,SAFE,1,25,0.4
COND-D,3.5,15.25,50.00,75.80,50.00,60.55,7.04,SAFE,1,25,0.4
COND-D,3.6,15.40,50.00,75.68,50.00,60.28,7.04,SAFE,1,25,0.4
COND-D,3.7,15.55,50.00,75.56,50.00,60.01,7.04,SAFE,1,25,0.4
COND-D,3.8,15.70,50.00,75.44,50.00,59.74,7.04,SAFE,1,25,0.4
COND-D,3.9,15.85,50.00,75.32,50.00,59.47,7.04,SAFE,1,25,0.4
COND-D,4,16.00,50.00,75.20,50.00,59.20,7.04,SAFE,1,25,0.4
COND-D,4.1,16.15,50.00,75.08,50.00,58.93,7.04,SAFE,1,25,0.4
COND-D,4.2,16.30,50.00,74.96,50.00,58.66,7.04,SAFE,1,25,0.4
COND-D,4.3,16.45,50.00,74.84,50.00,58.39,7.04,SAFE,1,25,0.4
COND-D,4.4,16.60,50.00,74.72,50.00,58.12,7.04,SAFE,1,25,0.4
COND-D,4.5,16.75,50.00,74.60,50.00,57.85,7.04,SAFE,1,25,0.4
COND-D,4.6,16.90,50.00,74.48,50.00,57.58,7.04,SAFE,1,25,0.4
COND-D,4.7,17.05,50.00,74.36,50.00,57.31,7.04,SAFE,1,25,0.4
COND-D,4.8,17.20,50.00,74.24,50.00,57.04,7.04,SAFE,1,25,0.4
COND-D,4.9,17.35,50.00,74.12,50.00,56.77,7.04,SAFE,1,25,0.4
COND-D,5,17.50,50.00,74.00,50.00,56.50,7.04,SAFE,1,25,0.4
COND-D,5.1,17.65,50.00,73.88,50.00,56.23,7.04,SAFE,1,25,0.4
COND-D,5.2,17.80,50.00,73.76,50.00,55.96,7.04,SAFE,1,25,0.4
COND-D,5.3,17.95,50.00,73.64,50.00,55.69,7.04,SAFE,1,25,0.4
COND-D,5.4,18.10,50.00,73.52,50.00,55.42,7.04,SAFE,1,25,0.4
COND-D,5.5,18.25,50.00,73.40,50.00,55.15,7.04,SAFE,1,25,0.4
COND-D,5.6,18.40,50.00,73.28,50.00,54.88,7.04,SAFE,1,25,0.4
COND-D,5.7,18.55,50.00,73.16,50.00,54.61,7.04,SAFE,1,25,0.4
COND-D,5.8,18.70,50.00,73.04,50.00,54.34,7.04,SAFE,1,25,0.4
COND-D,5.9,18.85,50.00,72.92,50.00,54.07,7.04,SAFE,1,25,0.4
COND-D,6,19.00,50.00,72.80,50.00,53.80,7.04,SAFE,1,25,0.4
COND-D,6.1,19.15,50.00,72.68,50.00,53.53,7.04,SAFE,1,25,0.4
COND-D,6.2,19.30,50.00,72.56,50.00,53.26,7.04,SAFE,1,25,0.4
COND-D,6.3,19.45,50.00,72.44,50.00,52.99,7.04,SAFE,1,25,0.4
COND-D,6.4,19.60,50.00,72.32,50.00,52.72,7.04,SAFE,1,25,0.4
COND-D,6.5,19.75,50.00,72.20,50.00,52.45,7.04,SAFE,1,25,0.4
COND-D,6.6,19.90,50.00,72.08,50.00,52.18,7.04,SAFE,1,25,0.4
COND-D,6.7,20.05,50.00,71.96,50.00,51.91,7.04,SAFE,1,25,0.4
COND-D,6.8,20.20,50.00,71.84,50.00,51.64,7.04,SAFE,1,25,0.4
COND-D,6.9,20.35,50.00,71.72,50.00,51.37,7.04,SAFE,1,25,0.4
COND-D,7,20.50,50.00,71.60,50.00,51.10,7.04,SAFE,1,25,0.4
COND-D,7.1,20.65,50.00,71.48,50.00,50.83,7.04,SAFE,1,25,0.4
COND-D,7.2,20.80,50.00,71.36,50.00,50.56,7.04,SAFE,1,25,0.4
COND-D,7.3,20.95,50.00,71.24,50.00,50.29,7.04,SAFE,1,25,0.4
COND-D,7.4,21.10,50.00,71.12,50.00,50.02,7.04,SAFE,1,25,0.4
COND-D,7.5,21.25,50.00,71.00,50.00,49.75,7.04,SAFE,1,25,0.4
COND-D,7.6,21.40,50.00,70.88,50.00,49.48,7.04,SAFE,1,25,0.4
COND-D,7.7,21.55,50.00,70.76,50.00,49.21,7.04,SAFE,1,25,0.4
COND-D,7.8,21.70,50.00,70.64,50.00,48.94,7.04,SAFE,1,25,0.4
COND-D,7.9,21.85,50.00,70.52,50.00,48.67,7.04,SAFE,1,25,0.4
COND-D,8,22.00,50.00,70.40,50.00,48.40,7.04,SAFE,1,25,0.4
COND-D,8.1,22.15,50.00,70.28,50.00,48.13,7.04,SAFE,1,25,0.4
COND-D,8.2,22.30,50.00,70.16,50.00,47.86,7.04,SAFE,1,25,0.4
COND-D,8.3,22.45,50.00,70.04,50.00,47.59,7.04,SAFE,1,25,0.4
COND-D,8.4,22.60,50.00,69.92,50.00,47.32,7.04,SAFE,1,25,0.4
COND-D,8.5,22.75,50.00,69.80,50.00,47.05,7.04,SAFE,1,25,0.4
COND-D,8.6,22.90,50.00,69.68,50.00,46.78,7.04,SAFE,1,25,0.4
COND-D,8.7,23.05,50.00,69.56,50.00,46.51,7.04,SAFE,1,25,0.4
COND-D,8.8,23.20,50.00,69.44,50.00,46.24,7.04,SAFE,1,25,0.4
COND-D,8.9,23.35,50.00,69.32,50.00,45.97,7.04,SAFE,1,25,0.4
COND-D,9,23.50,50.00,69.20,50.00,45.70,7.04,SAFE,1,25,0.4
COND-D,9.1,23.65,50.00,69.08,50.00,45.43,7.04,SAFE,1,25,0.4
COND-D,9.2,23.80,50.00,68.96,50.00,45.16,7.04,SAFE,1,25,0.4
COND-D,9.3,23.95,50.00,68.84,50.00,44.89,7.04,SAFE,1,25,0.4
COND-D,9.4,24.10,50.00,68.72,50.00,44.62,7.04,SAFE,1,25,0.4
COND-D,9.5,24.25,50.00,68.60,50.00,44.35,7.04,SAFE,1,25,0.4
COND-D,9.6,24.40,50.00,68.48,50.00,44.08,7.04,SAFE,1,25,0.4
COND-D,9.7,24.55,50.00,68.36,50.00,43.81,7.04,SAFE,1,25,0.4
COND-D,9.8,24.70,50.00,68.24,50.00,43.54,7.04,SAFE,1,25,0.4
COND-D,9.9,24.85,50.00,68.12,50.00,43.27,7.04,SAFE,1,25,0.4
COND-D,10,25.00,50.00,68.00,50.00,43.00,7.04,SAFE,1,25,0.4
COND-D,10.1,25.15,50.00,67.88,50.00,42.73,7.04,SAFE,1,25,0.4
COND-D,10.2,25.30,50.00,67.76,50.00,42.46,7.04,SAFE,1,25,0.4
COND-D,10.3,25.45,50.00,67.64,50.00,42.19,7.04,SAFE,1,25,0.4
COND-D,10.4,25.60,50.00,67.52,50.00,41.92,7.04,SAFE,1,25,0.4
COND-D,10.5,25.75,50.00,67.40,50.00,41.65,7.04,SAFE,1,25,0.4
COND-D,10.6,25.90,50.00,67.28,50.00,41.38,7.04,SAFE,1,25,0.4
COND-D,10.7,26.05,50.00,67.16,50.00,41.11,7.04,SAFE,1,25,0.4
COND-D,10.8,26.20,50.00,67.04,50.00,40.84,7.04,SAFE,1,25,0.4
COND-D,10.9,26.35,50.00,66.92,50.00,40.57,7.04,SAFE,1,25,0.4
COND-D,11,26.50,50.00,66.80,50.00,40.30,7.04,SAFE,1,25,0.4
COND-D,11.1,26.65,50.00,66.68,50.00,40.03,7.04,SAFE,1,25,0.4
COND-D,11.2,26.80,50.00,66.56,50.00,39.76,7.04,SAFE,1,25,0.4
COND-D,11.3,26.95,50.00,66.44,50.00,39.49,7.04,SAFE,1,25,0.4
COND-D,11.4,27.10,50.00,66.32,50.00,39.22,7.04,SAFE,1,25,0.4
COND-D,11.5,27.25,50.00,66.20,50.00,38.95,7.04,SAFE,1,25,0.4
COND-D,11.6,27.40,50.00,66.08,50.00,38.68,7.04,SAFE,1,25,0.4
COND-D,11.7,27.55,50.00,65.96,50.00,38.41,7.04,SAFE,1,25,0.4
COND-D,11.8,27.70,50.00,65.84,50.00,38.14,7.04,SAFE,1,25,0.4
COND-D,11.9,27.85,50.00,65.72,50.00,37.87,7.04,SAFE,1,25,0.4
COND-D,12,28.00,50.00,65.60,50.00,37.60,7.04,SAFE,1,25,0.4
COND-D,12.1,28.15,50.00,65.48,50.00,37.33,7.04,SAFE,1,25,0.4
COND-D,12.2,28.30,50.00,65.36,50.00,37.06,7.04,SAFE,1,25,0.4
COND-D,12.3,28.45,50.00,65.24,50.00,36.79,7.04,SAFE,1,25,0.4
COND-D,12.4,28.60,50.00,65.12,50.00,36.52,7.04,SAFE,1,25,0.4
COND-D,12.5,28.75,50.00,65.00,50.00,36.25,7.04,SAFE,1,25,0.4
COND-D,12.6,28.90,50.00,64.88,50.00,35.98,7.04,SAFE,1,25,0.4
COND-D,12.7,29.05,50.00,64.76,50.00,35.71,7.04,SAFE,1,25,0.4
COND-D,12.8,29.20,50.00,64.64,50.00,35.44,7.04,SAFE,1,25,0.4
COND-D,12.9,29.35,50.00,64.52,50.00,35.17,7.04,SAFE,1,25,0.4
COND-D,13,29.50,50.00,64.40,50.00,34.90,7.04,SAFE,1,25,0.4
COND-D,13.1,29.65,50.00,64.28,50.00,34.63,7.04,SAFE,1,25,0.4
COND-D,13.2,29.80,50.00,64.16,50.00,34.36,7.04,SAFE,1,25,0.4
COND-D,13.3,29.95,50.00,64.04,50.00,34.09,7.04,SAFE,1,25,0.4
COND-D,13.4,30.10,50.00,63.92,50.00,33.82,7.04,SAFE,1,25,0.4
COND-D,13.5,30.25,50.00,63.80,50.00,33.55,7.04,SAFE,1,25,0.4
COND-D,13.6,30.40,50.00,63.68,50.00,33.28,7.04,SAFE,1,25,0.4
COND-D,13.7,30.55,50.00,63.56,50.00,33.01,7.04,SAFE,1,25,0.4
COND-D,13.8,30.70,50.00,63.44,50.00,32.74,7.04,SAFE,1,25,0.4
COND-D,13.9,30.85,50.00,63.32,50.00,32.47,7.04,SAFE,1,25,0.4
COND-D,14,31.00,50.00,63.20,50.00,32.20,7.04,SAFE,1,25,0.4
COND-D,14.1,31.15,50.00,63.08,50.00,31.93,7.04,SAFE,1,25,0.4
COND-D,14.2,31.30,50.00,62.96,50.00,31.66,7.04,SAFE,1,25,0.4
COND-D,14.3,31.45,50.00,62.84,50.00,31.39,7.04,SAFE,1,25,0.4
COND-D,14.4,31.60,50.00,62.72,50.00,31.12,7.04,SAFE,1,25,0.4
COND-D,14.5,31.75,50.00,62.60,50.00,30.85,7.04,SAFE,1,25,0.4
COND-D,14.6,31.90,50.00,62.48,50.00,30.58,7.04,SAFE,1,25,0.4
COND-D,14.7,32.05,50.00,62.36,50.00,30.31,7.04,SAFE,1,25,0.4
COND-D,14.8,32.20,50.00,62.24,50.00,30.04,7.04,SAFE,1,25,0.4
COND-D,14.9,32.35,50.00,62.12,50.00,29.77,7.04,SAFE,1,25,0.4
COND-D,15,32.50,50.00,62.00,50.00,29.50,7.04,SAFE,1,25,0.4
COND-D,15.1,32.65,50.00,61.88,50.00,29.23,7.04,SAFE,1,25,0.4
COND-D,15.2,32.80,50.00,61.76,50.00,28.96,7.04,SAFE,1,25,0.4
COND-D,15.3,32.95,50.00,61.64,50.00,28.69,7.04,SAFE,1,25,0.4
COND-D,15.4,33.10,50.00,61.52,50.00,28.42,7.04,SAFE,1,25,0.4
COND-D,15.5,33.25,50.00,61.40,50.00,28.15,7.04,SAFE,1,25,0.4
COND-D,15.6,33.40,50.00,61.28,50.00,27.88,7.04,SAFE,1,25,0.4
COND-D,15.7,33.55,50.00,61.16,50.00,27.61,7.04,SAFE,1,25,0.4
COND-D,15.8,33.70,50.00,61.04,50.00,27.34,7.04,SAFE,1,25,0.4
COND-D,15.9,33.85,50.00,60.92,50.00,27.07,7.04,SAFE,1,25,0.4
COND-D,16,34.00,50.00,60.80,50.00,26.80,7.04,SAFE,1,25,0.4
COND-D,16.1,34.15,50.00,60.68,50.00,26.53,7.04,SAFE,1,25,0.4
COND-D,16.2,34.30,50.00,60.56,50.00,26.26,7.04,SAFE,1,25,0.4
COND-D,16.3,34.45,50.00,60.44,50.00,25.99,7.04,SAFE,1,25,0.4
COND-D,16.4,34.60,50.00,60.32,50.00,25.72,7.04,SAFE,1,25,0.4
COND-D,16.5,34.75,50.00,60.20,50.00,25.45,7.04,SAFE,1,25,0.4
COND-D,16.6,34.90,50.00,60.08,50.00,25.18,7.04,SAFE,1,25,0.4
COND-D,16.7,35.00,50.00,59.96,50.00,24.96,7.04,SAFE,1,25,0.4
COND-D,16.8,35.15,50.00,59.84,50.00,24.69,7.04,SAFE,1,25,0.4
COND-D,16.9,35.30,50.00,59.72,50.00,24.42,7.04,SAFE,1,25,0.4
COND-D,17,35.45,50.00,59.60,50.00,24.15,7.04,SAFE,1,25,0.4
COND-D,17.1,35.60,50.00,59.48,50.00,23.88,7.04,SAFE,1,25,0.4
COND-D,17.2,35.75,50.00,59.36,50.00,23.61,7.04,SAFE,1,25,0.4
COND-D,17.3,35.90,50.00,59.24,50.00,23.34,7.04,SAFE,1,25,0.4
COND-D,17.4,36.05,50.00,59.12,50.00,23.07,7.04,SAFE,1,25,0.4
COND-D,17.5,36.20,50.00,59.00,50.00,22.80,7.04,SAFE,1,25,0.4
COND-D,17.6,36.35,50.00,58.88,50.00,22.53,7.04,SAFE,1,25,0.4
COND-D,17.7,36.50,50.00,58.76,50.00,22.26,7.04,SAFE,1,25,0.4
COND-D,17.8,36.65,50.00,58.64,50.00,21.99,7.04,SAFE,1,25,0.4
COND-D,17.9,36.80,50.00,58.52,50.00,21.72,7.04,SAFE,1,25,0.4
COND-D,18,36.95,50.00,58.40,50.00,21.45,7.04,SAFE,1,25,0.4
COND-D,18.1,37.10,50.00,58.28,50.00,21.18,7.04,SAFE,1,25,0.4
COND-D,18.2,37.25,50.00,58.16,50.00,20.91,7.04,SAFE,1,25,0.4
COND-D,18.3,37.40,50.00,58.04,50.00,20.64,7.04,SAFE,1,25,0.4
COND-D,18.4,37.55,50.00,57.92,50.00,20.37,7.04,SAFE,1,25,0.4
COND-D,18.5,37.70,50.00,57.80,50.00,20.10,7.04,SAFE,1,25,0.4
COND-D,18.6,37.85,50.00,57.68,50.00,19.83,7.04,SAFE,1,25,0.4
COND-D,18.7,38.00,50.00,57.56,50.00,19.56,7.04,SAFE,1,25,0.4
COND-D,18.8,38.15,50.00,57.44,50.00,19.29,7.04,SAFE,1,25,0.4
COND-D,18.9,38.30,50.00,57.32,50.00,19.02,7.04,SAFE,1,25,0.4
COND-D,19,38.45,50.00,57.20,50.00,18.75,7.04,SAFE,1,25,0.4
COND-D,19.1,38.60,50.00,57.08,50.00,18.48,7.04,SAFE,1,25,0.4
COND-D,19.2,38.75,50.00,56.96,50.00,18.21,7.04,SAFE,1,25,0.4
COND-D,19.3,38.90,50.00,56.84,50.00,17.94,7.04,SAFE,1,25,0.4
COND-D,19.4,39.05,50.00,56.72,50.00,17.67,7.04,SAFE,1,25,0.4
COND-D,19.5,39.20,50.00,56.60,50.00,17.40,7.04,SAFE,1,25,0.4
COND-D,19.6,39.35,50.00,56.48,50.00,17.13,7.04,SAFE,1,25,0.4
COND-D,19.7,39.50,50.00,56.36,50.00,16.86,7.04,SAFE,1,25,0.4
COND-D,19.8,39.65,50.00,56.24,50.00,16.59,7.04,SAFE,1,25,0.4
COND-D,19.9,39.80,50.00,56.12,50.00,16.32,7.04,SAFE,1,25,0.4
COND-D,20,39.95,50.00,56.00,50.00,16.05,7.04,SAFE,1,25,0.4
COND-D,20.1,40.10,50.00,55.88,50.00,15.78,7.04,SAFE,1,25,0.4
COND-D,20.2,40.25,50.00,55.76,50.00,15.51,7.04,SAFE,1,25,0.4
COND-D,20.3,40.40,50.00,55.64,50.00,15.24,7.04,SAFE,1,25,0.4
COND-D,20.4,40.55,50.00,55.52,50.00,14.97,7.04,SAFE,1,25,0.4
COND-D,20.5,40.70,50.00,55.40,50.00,14.70,7.04,SAFE,1,25,0.4
COND-D,20.6,40.85,50.00,55.28,50.00,14.43,7.04,SAFE,1,25,0.4
COND-D,20.7,41.00,50.00,55.16,50.00,14.16,7.04,SAFE,1,25,0.4
COND-D,20.8,41.15,50.00,55.04,50.00,13.89,7.04,SAFE,1,25,0.4
COND-D,20.9,41.30,50.00,55.00,50.00,13.70,7.04,SAFE,1,25,0.4
COND-D,21,41.45,50.00,54.88,50.00,13.43,7.04,SAFE,1,25,0.4
COND-D,21.1,41.60,50.00,54.76,50.00,13.16,7.04,SAFE,1,25,0.4
COND-D,21.2,41.75,50.00,54.64,50.00,12.89,7.04,SAFE,1,25,0.4
COND-D,21.3,41.90,50.00,54.52,50.00,12.62,7.04,SAFE,1,25,0.4
COND-D,21.4,42.05,50.00,54.40,50.00,12.35,7.04,SAFE,1,25,0.4
COND-D,21.5,42.20,50.00,54.28,50.00,12.08,7.04,SAFE,1,25,0.4
COND-D,21.6,42.35,50.00,54.16,50.00,11.81,7.04,SAFE,1,25,0.4
COND-D,21.7,42.50,50.00,54.04,50.00,11.54,7.04,SAFE,1,25,0.4
COND-D,21.8,42.65,50.00,53.92,50.00,11.27,7.04,SAFE,1,25,0.4
COND-D,21.9,42.80,50.00,53.80,50.00,11.00,7.04,SAFE,1,25,0.4
COND-D,22,42.95,50.00,53.68,50.00,10.73,7.04,SAFE,1,25,0.4
COND-D,22.1,43.10,50.00,53.56,50.00,10.46,7.04,SAFE,1,25,0.4
COND-D,22.2,43.25,50.00,53.44,50.00,10.19,7.04,SAFE,1,25,0.4
COND-D,22.3,43.40,50.00,53.32,50.00,9.92,7.04,SAFE,1,25,0.4
COND-D,22.4,43.55,50.00,53.20,50.00,9.65,7.04,SAFE,1,25,0.4
COND-D,22.5,43.70,50.00,53.08,50.00,9.38,7.04,SAFE,1,25,0.4
COND-D,22.6,43.85,50.00,52.96,50.00,9.11,7.04,SAFE,1,25,0.4
COND-D,22.7,44.00,50.00,52.84,50.00,8.84,7.04,SAFE,1,25,0.4
COND-D,22.8,44.15,50.00,52.72,50.00,8.57,7.04,SAFE,1,25,0.4
COND-D,22.9,44.30,50.00,52.60,50.00,8.30,7.04,SAFE,1,25,0.4
COND-D,23,44.45,50.00,52.48,50.00,8.03,7.04,SAFE,1,25,0.4
COND-D,23.1,44.60,50.00,52.36,50.00,7.76,7.04,SAFE,1,25,0.4
COND-D,23.2,44.75,50.00,52.24,50.00,7.49,7.04,SAFE,1,25,0.4
COND-D,23.3,44.90,50.00,52.12,50.00,7.22,7.04,SAFE,1,25,0.4
COND-D,23.4,45.05,50.00,52.00,50.00,6.95,7.04,WARNING,1,25,0.4
COND-D,23.5,45.20,50.00,51.88,50.00,6.68,7.04,WARNING,1,25,0.4
COND-D,23.6,45.35,50.00,51.76,50.00,6.41,7.04,WARNING,1,25,0.4
COND-D,23.7,45.50,50.00,51.64,50.00,6.14,7.04,WARNING,1,25,0.4
COND-D,23.8,45.65,50.00,51.52,50.00,5.87,7.04,WARNING,1,25,0.4
COND-D,23.9,45.80,50.00,51.40,50.00,5.60,7.04,WARNING,1,25,0.4
COND-D,24,45.95,50.00,51.28,50.00,5.33,7.04,WARNING,1,25,0.4
COND-D,24.1,46.10,50.00,51.16,50.00,5.06,7.04,WARNING,1,25,0.4
COND-D,24.2,46.25,50.00,51.04,50.00,4.79,7.04,WARNING,1,25,0.4
COND-D,24.3,46.40,50.00,50.92,50.00,4.52,7.04,WARNING,1,25,0.4
COND-D,24.4,46.55,50.00,50.80,50.00,4.25,7.04,WARNING,1,25,0.4
COND-D,24.5,46.70,50.00,50.68,50.00,3.98,7.04,WARNING,1,25,0.4
COND-D,24.6,46.85,50.00,50.56,50.00,3.71,7.04,UNSAFE,1,25,0.4
COND-D,24.7,47.00,50.00,50.44,50.00,3.44,7.04,UNSAFE,1,25,0.4
COND-D,24.8,47.15,50.00,50.32,50.00,3.17,7.04,UNSAFE,1,25,0.4
COND-D,24.9,47.30,50.00,50.20,50.00,2.90,7.04,UNSAFE,1,25,0.4
COND-E,0,10.00,50.00,80.00,50.00,70.00,4.72,SAFE,1,45,0
COND-E,0.1,10.15,50.00,79.88,50.00,69.73,6.25,SAFE,1,45,0
COND-E,0.2,10.30,50.00,79.76,50.00,69.46,6.25,SAFE,1,45,0
COND-E,0.3,10.45,50.00,79.64,50.00,69.19,6.25,SAFE,1,45,0
COND-E,0.4,10.60,50.00,79.52,50.00,68.92,6.25,SAFE,1,45,0
COND-E,0.5,10.75,50.00,79.40,50.00,68.65,6.25,SAFE,1,45,0
COND-E,0.6,10.90,50.00,79.28,50.00,68.38,6.25,SAFE,1,45,0
COND-E,0.7,11.05,50.00,79.16,50.00,68.11,6.25,SAFE,1,45,0
COND-E,0.8,11.20,50.00,79.04,50.00,67.84,6.25,SAFE,1,45,0
COND-E,0.9,11.35,50.00,78.92,50.00,67.57,6.25,SAFE,1,45,0
COND-E,1,11.50,50.00,78.80,50.00,67.30,6.25,SAFE,1,45,0
COND-E,1.1,11.65,50.00,78.68,50.00,67.03,6.25,SAFE,1,45,0
COND-E,1.2,11.80,50.00,78.56,50.00,66.76,6.25,SAFE,1,45,0
COND-E,1.3,11.95,50.00,78.44,50.00,66.49,6.25,SAFE,1,45,0
COND-E,1.4,12.10,50.00,78.32,50.00,66.22,6.25,SAFE,1,45,0
COND-E,1.5,12.25,50.00,78.20,50.00,65.95,6.25,SAFE,1,45,0
COND-E,1.6,12.40,50.00,78.08,50.00,65.68,6.25,SAFE,1,45,0
COND-E,1.7,12.55,50.00,77.96,50.00,65.41,6.25,SAFE,1,45,0
COND-E,1.8,12.70,50.00,77.84,50.00,65.14,6.25,SAFE,1,45,0
COND-E,1.9,12.85,50.00,77.72,50.00,64.87,6.25,SAFE,1,45,0
COND-E,2,13.00,50.00,77.60,50.00,64.60,6.25,SAFE,1,45,0
COND-E,2.1,13.15,50.00,77.48,50.00,64.33,6.25,SAFE,1,45,0
COND-E,2.2,13.30,50.00,77.36,50.00,64.06,6.25,SAFE,1,45,0
COND-E,2.3,13.45,50.00,77.24,50.00,63.79,6.25,SAFE,1,45,0
COND-E,2.4,13.60,50.00,77.12,50.00,63.52,6.25,SAFE,1,45,0
COND-E,2.5,13.75,50.00,77.00,50.00,63.25,6.25,SAFE,1,45,0
COND-E,2.6,13.90,50.00,76.88,50.00,62.98,6.25,SAFE,1,45,0
COND-E,2.7,14.05,50.00,76.76,50.00,62.71,6.25,SAFE,1,45,0
COND-E,2.8,14.20,50.00,76.64,50.00,62.44,6.25,SAFE,1,45,0
COND-E,2.9,14.35,50.00,76.52,50.00,62.17,6.25,SAFE,1,45,0
COND-E,3,14.50,50.00,76.40,50.00,61.90,6.25,SAFE,1,45,0
COND-E,3.1,14.65,50.00,76.28,50.00,61.63,6.25,SAFE,1,45,0
COND-E,3.2,14.80,50.00,76.16,50.00,61.36,6.25,SAFE,1,45,0
COND-E,3.3,14.95,50.00,76.04,50.00,61.09,6.25,SAFE,1,45,0
COND-E,3.4,15.10,50.00,75.92,50.00,60.82,6.25,SAFE,1,45,0
COND-E,3.5,15.25,50.00,75.80,50.00,60.55,6.25,SAFE,1,45,0
COND-E,3.6,15.40,50.00,75.68,50.00,60.28,6.25,SAFE,1,45,0
COND-E,3.7,15.55,50.00,75.56,50.00,60.01,6.25,SAFE,1,45,0
COND-E,3.8,15.70,50.00,75.44,50.00,59.74,6.25,SAFE,1,45,0
COND-E,3.9,15.85,50.00,75.32,50.00,59.47,6.25,SAFE,1,45,0
COND-E,4,16.00,50.00,75.20,50.00,59.20,6.25,SAFE,1,45,0
COND-E,4.1,16.15,50.00,75.08,50.00,58.93,6.25,SAFE,1,45,0
COND-E,4.2,16.30,50.00,74.96,50.00,58.66,6.25,SAFE,1,45,0
COND-E,4.3,16.45,50.00,74.84,50.00,58.39,6.25,SAFE,1,45,0
COND-E,4.4,16.60,50.00,74.72,50.00,58.12,6.25,SAFE,1,45,0
COND-E,4.5,16.75,50.00,74.60,50.00,57.85,6.25,SAFE,1,45,0
COND-E,4.6,16.90,50.00,74.48,50.00,57.58,6.25,SAFE,1,45,0
COND-E,4.7,17.05,50.00,74.36,50.00,57.31,6.25,SAFE,1,45,0
COND-E,4.8,17.20,50.00,74.24,50.00,57.04,6.25,SAFE,1,45,0
COND-E,4.9,17.35,50.00,74.12,50.00,56.77,6.25,SAFE,1,45,0
COND-E,5,17.50,50.00,74.00,50.00,56.50,6.25,SAFE,1,45,0
COND-E,5.1,17.65,50.00,73.88,50.00,56.23,6.25,SAFE,1,45,0
COND-E,5.2,17.80,50.00,73.76,50.00,55.96,6.25,SAFE,1,45,0
COND-E,5.3,17.95,50.00,73.64,50.00,55.69,6.25,SAFE,1,45,0
COND-E,5.4,18.10,50.00,73.52,50.00,55.42,6.25,SAFE,1,45,0
COND-E,5.5,18.25,50.00,73.40,50.00,55.15,6.25,SAFE,1,45,0
COND-E,5.6,18.40,50.00,73.28,50.00,54.88,6.25,SAFE,1,45,0
COND-E,5.7,18.55,50.00,73.16,50.00,54.61,6.25,SAFE,1,45,0
COND-E,5.8,18.70,50.00,73.04,50.00,54.34,6.25,SAFE,1,45,0
COND-E,5.9,18.85,50.00,72.92,50.00,54.07,6.25,SAFE,1,45,0
COND-E,6,19.00,50.00,72.80,50.00,53.80,6.25,SAFE,1,45,0
COND-E,6.1,19.15,50.00,72.68,50.00,53.53,6.25,SAFE,1,45,0
COND-E,6.2,19.30,50.00,72.56,50.00,53.26,6.25,SAFE,1,45,0
COND-E,6.3,19.45,50.00,72.44,50.00,52.99,6.25,SAFE,1,45,0
COND-E,6.4,19.60,50.00,72.32,50.00,52.72,6.25,SAFE,1,45,0
COND-E,6.5,19.75,50.00,72.20,50.00,52.45,6.25,SAFE,1,45,0
COND-E,6.6,19.90,50.00,72.08,50.00,52.18,6.25,SAFE,1,45,0
COND-E,6.7,20.05,50.00,71.96,50.00,51.91,6.25,SAFE,1,45,0
COND-E,6.8,20.20,50.00,71.84,50.00,51.64,6.25,SAFE,1,45,0
COND-E,6.9,20.35,50.00,71.72,50.00,51.37,6.25,SAFE,1,45,0
COND-E,7,20.50,50.00,71.60,50.00,51.10,6.25,SAFE,1,45,0
COND-E,7.1,20.65,50.00,71.48,50.00,50.83,6.25,SAFE,1,45,0
COND-E,7.2,20.80,50.00,71.36,50.00,50.56,6.25,SAFE,1,45,0
COND-E,7.3,20.95,50.00,71.24,50.00,50.29,6.25,SAFE,1,45,0
COND-E,7.4,21.10,50.00,71.12,50.00,50.02,6.25,SAFE,1,45,0
COND-E,7.5,21.25,50.00,71.00,50.00,49.75,6.25,SAFE,1,45,0
COND-E,7.6,21.40,50.00,70.88,50.00,49.48,6.25,SAFE,1,45,0
COND-E,7.7,21.55,50.00,70.76,50.00,49.21,6.25,SAFE,1,45,0
COND-E,7.8,21.70,50.00,70.64,50.00,48.94,6.25,SAFE,1,45,0
COND-E,7.9,21.85,50.00,70.52,50.00,48.67,6.25,SAFE,1,45,0
COND-E,8,22.00,50.00,70.40,50.00,48.40,6.25,SAFE,1,45,0
COND-E,8.1,22.15,50.00,70.28,50.00,48.13,6.25,SAFE,1,45,0
COND-E,8.2,22.30,50.00,70.16,50.00,47.86,6.25,SAFE,1,45,0
COND-E,8.3,22.45,50.00,70.04,50.00,47.59,6.25,SAFE,1,45,0
COND-E,8.4,22.60,50.00,69.92,50.00,47.32,6.25,SAFE,1,45,0
COND-E,8.5,22.75,50.00,69.80,50.00,47.05,6.25,SAFE,1,45,0
COND-E,8.6,22.90,50.00,69.68,50.00,46.78,6.25,SAFE,1,45,0
COND-E,8.7,23.05,50.00,69.56,50.00,46.51,6.25,SAFE,1,45,0
COND-E,8.8,23.20,50.00,69.44,50.00,46.24,6.25,SAFE,1,45,0
COND-E,8.9,23.35,50.00,69.32,50.00,45.97,6.25,SAFE,1,45,0
COND-E,9,23.50,50.00,69.20,50.00,45.70,6.25,SAFE,1,45,0
COND-E,9.1,23.65,50.00,69.08,50.00,45.43,6.25,SAFE,1,45,0
COND-E,9.2,23.80,50.00,68.96,50.00,45.16,6.25,SAFE,1,45,0
COND-E,9.3,23.95,50.00,68.84,50.00,44.89,6.25,SAFE,1,45,0
COND-E,9.4,24.10,50.00,68.72,50.00,44.62,6.25,SAFE,1,45,0
COND-E,9.5,24.25,50.00,68.60,50.00,44.35,6.25,SAFE,1,45,0
COND-E,9.6,24.40,50.00,68.48,50.00,44.08,6.25,SAFE,1,45,0
COND-E,9.7,24.55,50.00,68.36,50.00,43.81,6.25,SAFE,1,45,0
COND-E,9.8,24.70,50.00,68.24,50.00,43.54,6.25,SAFE,1,45,0
COND-E,9.9,24.85,50.00,68.12,50.00,43.27,6.25,SAFE,1,45,0
COND-E,10,25.00,50.00,68.00,50.00,43.00,6.25,SAFE,1,45,0
COND-E,10.1,25.15,50.00,67.88,50.00,42.73,6.25,SAFE,1,45,0
COND-E,10.2,25.30,50.00,67.76,50.00,42.46,6.25,SAFE,1,45,0
COND-E,10.3,25.45,50.00,67.64,50.00,42.19,6.25,SAFE,1,45,0
COND-E,10.4,25.60,50.00,67.52,50.00,41.92,6.25,SAFE,1,45,0
COND-E,10.5,25.75,50.00,67.40,50.00,41.65,6.25,SAFE,1,45,0
COND-E,10.6,25.90,50.00,67.28,50.00,41.38,6.25,SAFE,1,45,0
COND-E,10.7,26.05,50.00,67.16,50.00,41.11,6.25,SAFE,1,45,0
COND-E,10.8,26.20,50.00,67.04,50.00,40.84,6.25,SAFE,1,45,0
COND-E,10.9,26.35,50.00,66.92,50.00,40.57,6.25,SAFE,1,45,0
COND-E,11,26.50,50.00,66.80,50.00,40.30,6.25,SAFE,1,45,0
COND-E,11.1,26.65,50.00,66.68,50.00,40.03,6.25,SAFE,1,45,0
COND-E,11.2,26.80,50.00,66.56,50.00,39.76,6.25,SAFE,1,45,0
COND-E,11.3,26.95,50.00,66.44,50.00,39.49,6.25,SAFE,1,45,0
COND-E,11.4,27.10,50.00,66.32,50.00,39.22,6.25,SAFE,1,45,0
COND-E,11.5,27.25,50.00,66.20,50.00,38.95,6.25,SAFE,1,45,0
COND-E,11.6,27.40,50.00,66.08,50.00,38.68,6.25,SAFE,1,45,0
COND-E,11.7,27.55,50.00,65.96,50.00,38.41,6.25,SAFE,1,45,0
COND-E,11.8,27.70,50.00,65.84,50.00,38.14,6.25,SAFE,1,45,0
COND-E,11.9,27.85,50.00,65.72,50.00,37.87,6.25,SAFE,1,45,0
COND-E,12,28.00,50.00,65.60,50.00,37.60,6.25,SAFE,1,45,0
COND-E,12.1,28.15,50.00,65.48,50.00,37.33,6.25,SAFE,1,45,0
COND-E,12.2,28.30,50.00,65.36,50.00,37.06,6.25,SAFE,1,45,0
COND-E,12.3,28.45,50.00,65.24,50.00,36.79,6.25,SAFE,1,45,0
COND-E,12.4,28.60,50.00,65.12,50.00,36.52,6.25,SAFE,1,45,0
COND-E,12.5,28.75,50.00,65.00,50.00,36.25,6.25,SAFE,1,45,0
COND-E,12.6,28.90,50.00,64.88,50.00,35.98,6.25,SAFE,1,45,0
COND-E,12.7,29.05,50.00,64.76,50.00,35.71,6.25,SAFE,1,45,0
COND-E,12.8,29.20,50.00,64.64,50.00,35.44,6.25,SAFE,1,45,0
COND-E,12.9,29.35,50.00,64.52,50.00,35.17,6.25,SAFE,1,45,0
COND-E,13,29.50,50.00,64.40,50.00,34.90,6.25,SAFE,1,45,0
COND-E,13.1,29.65,50.00,64.28,50.00,34.63,6.25,SAFE,1,45,0
COND-E,13.2,29.80,50.00,64.16,50.00,34.36,6.25,SAFE,1,45,0
COND-E,13.3,29.95,50.00,64.04,50.00,34.09,6.25,SAFE,1,45,0
COND-E,13.4,30.10,50.00,63.92,50.00,33.82,6.25,SAFE,1,45,0
COND-E,13.5,30.25,50.00,63.80,50.00,33.55,6.25,SAFE,1,45,0
COND-E,13.6,30.40,50.00,63.68,50.00,33.28,6.25,SAFE,1,45,0
COND-E,13.7,30.55,50.00,63.56,50.00,33.01,6.25,SAFE,1,45,0
COND-E,13.8,30.70,50.00,63.44,50.00,32.74,6.25,SAFE,1,45,0
COND-E,13.9,30.85,50.00,63.32,50.00,32.47,6.25,SAFE,1,45,0
COND-E,14,31.00,50.00,63.20,50.00,32.20,6.25,SAFE,1,45,0
COND-E,14.1,31.15,50.00,63.08,50.00,31.93,6.25,SAFE,1,45,0
COND-E,14.2,31.30,50.00,62.96,50.00,31.66,6.25,SAFE,1,45,0
COND-E,14.3,31.45,50.00,62.84,50.00,31.39,6.25,SAFE,1,45,0
COND-E,14.4,31.60,50.00,62.72,50.00,31.12,6.25,SAFE,1,45,0
COND-E,14.5,31.75,50.00,62.60,50.00,30.85,6.25,SAFE,1,45,0
COND-E,14.6,31.90,50.00,62.48,50.00,30.58,6.25,SAFE,1,45,0
COND-E,14.7,32.05,50.00,62.36,50.00,30.31,6.25,SAFE,1,45,0
COND-E,14.8,32.20,50.00,62.24,50.00,30.04,6.25,SAFE,1,45,0
COND-E,14.9,32.35,50.00,62.12,50.00,29.77,6.25,SAFE,1,45,0
COND-E,15,32.50,50.00,62.00,50.00,29.50,6.25,SAFE,1,45,0
COND-E,15.1,32.65,50.00,61.88,50.00,29.23,6.25,SAFE,1,45,0
COND-E,15.2,32.80,50.00,61.76,50.00,28.96,6.25,SAFE,1,45,0
COND-E,15.3,32.95,50.00,61.64,50.00,28.69,6.25,SAFE,1,45,0
COND-E,15.4,33.10,50.00,61.52,50.00,28.42,6.25,SAFE,1,45,0
COND-E,15.5,33.25,50.00,61.40,50.00,28.15,6.25,SAFE,1,45,0
COND-E,15.6,33.40,50.00,61.28,50.00,27.88,6.25,SAFE,1,45,0
COND-E,15.7,33.55,50.00,61.16,50.00,27.61,6.25,SAFE,1,45,0
COND-E,15.8,33.70,50.00,61.04,50.00,27.34,6.25,SAFE,1,45,0
COND-E,15.9,33.85,50.00,60.92,50.00,27.07,6.25,SAFE,1,45,0
COND-E,16,34.00,50.00,60.80,50.00,26.80,6.25,SAFE,1,45,0
COND-E,16.1,34.15,50.00,60.68,50.00,26.53,6.25,SAFE,1,45,0
COND-E,16.2,34.30,50.00,60.56,50.00,26.26,6.25,SAFE,1,45,0
COND-E,16.3,34.45,50.00,60.44,50.00,25.99,6.25,SAFE,1,45,0
COND-E,16.4,34.60,50.00,60.32,50.00,25.72,6.25,SAFE,1,45,0
COND-E,16.5,34.75,50.00,60.20,50.00,25.45,6.25,SAFE,1,45,0
COND-E,16.6,34.90,50.00,60.08,50.00,25.18,6.25,SAFE,1,45,0
COND-E,16.7,35.00,50.00,59.96,50.00,24.96,6.25,SAFE,1,45,0
COND-E,16.8,35.15,50.00,59.84,50.00,24.69,6.25,SAFE,1,45,0
COND-E,16.9,35.30,50.00,59.72,50.00,24.42,6.25,SAFE,1,45,0
COND-E,17,35.45,50.00,59.60,50.00,24.15,6.25,SAFE,1,45,0
COND-E,17.1,35.60,50.00,59.48,50.00,23.88,6.25,SAFE,1,45,0
COND-E,17.2,35.75,50.00,59.36,50.00,23.61,6.25,SAFE,1,45,0
COND-E,17.3,35.90,50.00,59.24,50.00,23.34,6.25,SAFE,1,45,0
COND-E,17.4,36.05,50.00,59.12,50.00,23.07,6.25,SAFE,1,45,0
COND-E,17.5,36.20,50.00,59.00,50.00,22.80,6.25,SAFE,1,45,0
COND-E,17.6,36.35,50.00,58.88,50.00,22.53,6.25,SAFE,1,45,0
COND-E,17.7,36.50,50.00,58.76,50.00,22.26,6.25,SAFE,1,45,0
COND-E,17.8,36.65,50.00,58.64,50.00,21.99,6.25,SAFE,1,45,0
COND-E,17.9,36.80,50.00,58.52,50.00,21.72,6.25,SAFE,1,45,0
COND-E,18,36.95,50.00,58.40,50.00,21.45,6.25,SAFE,1,45,0
COND-E,18.1,37.10,50.00,58.28,50.00,21.18,6.25,SAFE,1,45,0
COND-E,18.2,37.25,50.00,58.16,50.00,20.91,6.25,SAFE,1,45,0
COND-E,18.3,37.40,50.00,58.04,50.00,20.64,6.25,SAFE,1,45,0
COND-E,18.4,37.55,50.00,57.92,50.00,20.37,6.25,SAFE,1,45,0
COND-E,18.5,37.70,50.00,57.80,50.00,20.10,6.25,SAFE,1,45,0
COND-E,18.6,37.85,50.00,57.68,50.00,19.83,6.25,SAFE,1,45,0
COND-E,18.7,38.00,50.00,57.56,50.00,19.56,6.25,SAFE,1,45,0
COND-E,18.8,38.15,50.00,57.44,50.00,19.29,6.25,SAFE,1,45,0
COND-E,18.9,38.30,50.00,57.32,50.00,19.02,6.25,SAFE,1,45,0
COND-E,19,38.45,50.00,57.20,50.00,18.75,6.25,SAFE,1,45,0
COND-E,19.1,38.60,50.00,57.08,50.00,18.48,6.25,SAFE,1,45,0
COND-E,19.2,38.75,50.00,56.96,50.00,18.21,6.25,SAFE,1,45,0
COND-E,19.3,38.90,50.00,56.84,50.00,17.94,6.25,SAFE,1,45,0
COND-E,19.4,39.05,50.00,56.72,50.00,17.67,6.25,SAFE,1,45,0
COND-E,19.5,39.20,50.00,56.60,50.00,17.40,6.25,SAFE,1,45,0
COND-E,19.6,39.35,50.00,56.48,50.00,17.13,6.25,SAFE,1,45,0
COND-E,19.7,39.50,50.00,56.36,50.00,16.86,6.25,SAFE,1,45,0
COND-E,19.8,39.65,50.00,56.24,50.00,16.59,6.25,SAFE,1,45,0
COND-E,19.9,39.80,50.00,56.12,50.00,16.32,6.25,SAFE,1,45,0
COND-E,20,39.95,50.00,56.00,50.00,16.05,6.25,SAFE,1,45,0
COND-E,20.1,40.10,50.00,55.88,50.00,15.78,6.25,SAFE,1,45,0
COND-E,20.2,40.25,50.00,55.76,50.00,15.51,6.25,SAFE,1,45,0
COND-E,20.3,40.40,50.00,55.64,50.00,15.24,6.25,SAFE,1,45,0
COND-E,20.4,40.55,50.00,55.52,50.00,14.97,6.25,SAFE,1,45,0
COND-E,20.5,40.70,50.00,55.40,50.00,14.70,6.25,SAFE,1,45,0
COND-E,20.6,40.85,50.00,55.28,50.00,14.43,6.25,SAFE,1,45,0
COND-E,20.7,41.00,50.00,55.16,50.00,14.16,6.25,SAFE,1,45,0
COND-E,20.8,41.15,50.00,55.04,50.00,13.89,6.25,SAFE,1,45,0
COND-E,20.9,41.30,50.00,55.00,50.00,13.70,6.25,SAFE,1,45,0
COND-E,21,41.45,50.00,54.88,50.00,13.43,6.25,SAFE,1,45,0
COND-E,21.1,41.60,50.00,54.76,50.00,13.16,6.25,SAFE,1,45,0
COND-E,21.2,41.75,50.00,54.64,50.00,12.89,6.25,SAFE,1,45,0
COND-E,21.3,41.90,50.00,54.52,50.00,12.62,6.25,SAFE,1,45,0
COND-E,21.4,42.05,50.00,54.40,50.00,12.35,6.25,SAFE,1,45,0
COND-E,21.5,42.20,50.00,54.28,50.00,12.08,6.25,SAFE,1,45,0
COND-E,21.6,42.35,50.00,54.16,50.00,11.81,6.25,SAFE,1,45,0
COND-E,21.7,42.50,50.00,54.04,50.00,11.54,6.25,SAFE,1,45,0
COND-E,21.8,42.65,50.00,53.92,50.00,11.27,6.25,SAFE,1,45,0
COND-E,21.9,42.80,50.00,53.80,50.00,11.00,6.25,SAFE,1,45,0
COND-E,22,42.95,50.00,53.68,50.00,10.73,6.25,SAFE,1,45,0
COND-E,22.1,43.10,50.00,53.56,50.00,10.46,6.25,SAFE,1,45,0
COND-E,22.2,43.25,50.00,53.44,50.00,10.19,6.25,SAFE,1,45,0
COND-E,22.3,43.40,50.00,53.32,50.00,9.92,6.25,SAFE,1,45,0
COND-E,22.4,43.55,50.00,53.20,50.00,9.65,6.25,SAFE,1,45,0
COND-E,22.5,43.70,50.00,53.08,50.00,9.38,6.25,SAFE,1,45,0
COND-E,22.6,43.85,50.00,52.96,50.00,9.11,6.25,SAFE,1,45,0
COND-E,22.7,44.00,50.00,52.84,50.00,8.84,6.25,SAFE,1,45,0
COND-E,22.8,44.15,50.00,52.72,50.00,8.57,6.25,SAFE,1,45,0
COND-E,22.9,44.30,50.00,52.60,50.00,8.30,6.25,SAFE,1,45,0
COND-E,23,44.45,50.00,52.48,50.00,8.03,6.25,SAFE,1,45,0
COND-E,23.1,44.60,50.00,52.36,50.00,7.76,6.25,SAFE,1,45,0
COND-E,23.2,44.75,50.00,52.24,50.00,7.49,6.25,SAFE,1,45,0
COND-E,23.3,44.90,50.00,52.12,50.00,7.22,6.25,SAFE,1,45,0
COND-E,23.4,45.05,50.00,52.00,50.00,6.95,6.25,SAFE,1,45,0
COND-E,23.5,45.20,50.00,51.88,50.00,6.68,6.25,SAFE,1,45,0
COND-E,23.6,45.35,50.00,51.76,50.00,6.41,6.25,SAFE,1,45,0
COND-E,23.7,45.50,50.00,51.64,50.00,6.14,6.25,WARNING,1,45,0
COND-E,23.8,45.65,50.00,51.52,50.00,5.87,6.25,WARNING,1,45,0
COND-E,23.9,45.80,50.00,51.40,50.00,5.60,6.25,WARNING,1,45,0
COND-E,24,45.95,50.00,51.28,50.00,5.33,6.25,WARNING,1,45,0
COND-E,24.1,46.10,50.00,51.16,50.00,5.06,6.25,WARNING,1,45,0
COND-E,24.2,46.25,50.00,51.04,50.00,4.79,6.25,WARNING,1,45,0
COND-E,24.3,46.40,50.00,50.92,50.00,4.52,6.25,WARNING,1,45,0
COND-E,24.4,46.55,50.00,50.80,50.00,4.25,6.25,WARNING,1,45,0
COND-E,24.5,46.70,50.00,50.68,50.00,3.98,6.25,WARNING,1,45,0
COND-E,24.6,46.85,50.00,50.56,50.00,3.71,6.25,WARNING,1,45,0
COND-E,24.7,47.00,50.00,50.44,50.00,3.44,6.25,WARNING,1,45,0
COND-E,24.8,47.15,50.00,50.32,50.00,3.17,6.25,UNSAFE,1,45,0
COND-E,24.9,47.30,50.00,50.20,50.00,2.90,6.25,UNSAFE,1,45,0